"item_id","inspection_id","store_code","store_name","inspection_date","inspection_type","inspector_name","module_name","module_subcategory","clause_number","issue_description","severity","deduction_points","is_appealed_finding"
"9170","2051","US00001","8th & Broadway","2026-05-01","门店自检","Huichen Jiang","Cleaning and Sanitation","Equipment and utensils","3093","(无描述)","G","-2","0"
"9171","2051","US00001","8th & Broadway","2026-05-01","门店自检","Huichen Jiang","Cleaning and Sanitation","Equipment and utensils","3092","(无描述)","G","-2","0"
"9172","2051","US00001","8th & Broadway","2026-05-01","门店自检","Huichen Jiang","Cleaning and Sanitation","Equipment and utensils","3091","(无描述)","G","-2","0"
"9173","2051","US00001","8th & Broadway","2026-05-01","门店自检","Huichen Jiang","Process Control","Material Storage Location Specification","3067","(无描述)","G","-2","0"
"9174","2051","US00001","8th & Broadway","2026-05-01","门店自检","Huichen Jiang","Cleaning and Sanitation","Clean & Sanitize","3089","(无描述)","G","-2","0"
"9176","2051","US00001","8th & Broadway","2026-05-01","门店自检","Huichen Jiang","Facility","Sinks and Pipes","3122","(无描述)","G","-2","0"
"9177","2051","US00001","8th & Broadway","2026-05-01","门店自检","Huichen Jiang","Pests Control","Pest control devices","3133","(无描述)","G","-2","0"
"9179","2051","US00001","8th & Broadway","2026-05-01","门店自检","Huichen Jiang","Facility","Good condition","3120","(无描述)","G","-2","0"
"9180","2051","US00001","8th & Broadway","2026-05-01","门店自检","Huichen Jiang","Employees’ Health and Personal Hygiene","Personal Hygiene","3053","(无描述)","G","-2","0"
"9175","2051","US00001","8th & Broadway","2026-05-01","门店自检","Huichen Jiang","Cleaning and Sanitation","Customer Area","3100","(无描述)","L","-1","0"
"9178","2051","US00001","8th & Broadway","2026-05-01","门店自检","Huichen Jiang","Cleaning and Sanitation","Customer Area","3099","(无描述)","L","-1","0"
"9181","2051","US00001","8th & Broadway","2026-05-01","门店自检","Huichen Jiang","Cleaning and Sanitation","Food Processing Area","3096","(无描述)","L","-1","0"
"9182","2051","US00001","8th & Broadway","2026-05-01","门店自检","Huichen Jiang","Cleaning and Sanitation","Food Processing Area","3095","(无描述)","L","-1","0"
"9183","2051","US00001","8th & Broadway","2026-05-01","门店自检","Huichen Jiang","Cleaning and Sanitation","Operation Stand, Shelf, Cabinet and Water Sink","3094","(无描述)","L","-1","0"
"9185","2051","US00001","8th & Broadway","2026-05-01","门店自检","Huichen Jiang","Cleaning and Sanitation","Customer Area","3102","(无描述)","L","-1","0"
"9184","2051","US00001","8th & Broadway","2026-05-01","门店自检","Huichen Jiang","Cleaning and Sanitation","Waste Management","3104","(无描述)","L","1","0"
"9202","2057","US00001","8th & Broadway","2026-05-06","门店自检","Huichen Jiang","Cleaning and Sanitation","Equipment and utensils","3092","(无描述)","G","-2","0"
"9203","2057","US00001","8th & Broadway","2026-05-06","门店自检","Huichen Jiang","Cleaning and Sanitation","Equipment and utensils","3091","(无描述)","G","-2","0"
"9204","2057","US00001","8th & Broadway","2026-05-06","门店自检","Huichen Jiang","Process Control","Material Storage Location Specification","3067","(无描述)","G","-2","0"
"9205","2057","US00001","8th & Broadway","2026-05-06","门店自检","Huichen Jiang","Cleaning and Sanitation","Customer Area","3100","(无描述)","L","-1","0"
"9206","2057","US00001","8th & Broadway","2026-05-06","门店自检","Huichen Jiang","Cleaning and Sanitation","Food Processing Area","3096","(无描述)","L","-1","0"
"9643","2077","US00001","8th & Broadway","2026-05-12","区经检查","Jung Han Liang","Process Control","Cross-Contamination","3502","Potential hazard for cross contamination ","S","-5","0"
"9638","2077","US00001","8th & Broadway","2026-05-12","区经检查","Jung Han Liang","Facility","Sinks and Pipes","3553","Pile doesn’t match the drains ","G","-2","0"
"9639","2077","US00001","8th & Broadway","2026-05-12","区经检查","Jung Han Liang","Cleaning and Sanitation","Equipment and utensils","3525","Stain of matcha on the pump ","G","-2","0"
"9640","2077","US00001","8th & Broadway","2026-05-12","区经检查","Jung Han Liang","Cleaning and Sanitation","Equipment and utensils","3524","Hair or fiber on ice lid","G","-2","0"
"9642","2077","US00001","8th & Broadway","2026-05-12","区经检查","Jung Han Liang","Process Control","Cross-Contamination","3504","Hair on the ice machine ","G","-2","0"
"9637","2077","US00001","8th & Broadway","2026-05-12","区经检查","Jung Han Liang","Cleaning and Sanitation","Food Processing Area","3527","Trash on the floor ","L","-1","0"
"9641","2077","US00001","8th & Broadway","2026-05-12","区经检查","Jung Han Liang","Cleaning and Sanitation","Operation Stand, Shelf, Cabinet and Water Sink","3526","Water stain on counter ","L","-1","0"
"9298","2084","US00001","8th & Broadway","2026-05-15","QA审计","Eamonn Caballar","Cleaning and Sanitation","Equipment and utensils","3307","Dust on fridges found. (Multiple cases) ","G","-2","0"
"9299","2084","US00001","8th & Broadway","2026-05-15","QA审计","Eamonn Caballar","Pests Control","Pest control devices","3345","Service reports missing for May. ","G","-2","1"
"9300","2084","US00001","8th & Broadway","2026-05-15","QA审计","Eamonn Caballar","Cleaning and Sanitation","Equipment and utensils","3308","Matcha stains in blender. (Dried & wet.) 

Drip machine with coffee grounds under catcher. 

Dust build up / Coffee grounds under espresso machines. ","G","-2","0"
"9301","2084","US00001","8th & Broadway","2026-05-15","QA审计","Eamonn Caballar","Cleaning and Sanitation","Equipment and utensils","3309","Traces of moisture causing clumping inside smoothie powder.","G","-2","0"
"9303","2084","US00001","8th & Broadway","2026-05-15","QA审计","Eamonn Caballar","Facility","Good condition","3336","Gap between light food case and countertop. ","G","-2","0"
"9304","2084","US00001","8th & Broadway","2026-05-15","QA审计","Eamonn Caballar","Workplace Safety","Workplace Safety","3360","Bathroom extinguisher needs May check. ","G","-2","0"
"9353","2092","US00001","8th & Broadway","2026-05-15","门店自检","Huichen Jiang","Cleaning and Sanitation","Equipment and utensils","3415","(无描述)","G","-2","0"
"9354","2092","US00001","8th & Broadway","2026-05-15","门店自检","Huichen Jiang","Pests Control","Pest control devices","3457","(无描述)","G","-2","0"
"9302","2084","US00001","8th & Broadway","2026-05-15","QA审计","Eamonn Caballar","Cleaning and Sanitation","Customer Area","3315","Dust build up on pictures. ","L","-1","0"
"9567","2138","US00001","8th & Broadway","2026-05-31","门店自检","Laurel Vorhies","Cleaning and Sanitation","Clean & Sanitize","3409","(无描述)","M","-5","0"
"9559","2138","US00001","8th & Broadway","2026-05-31","门店自检","Laurel Vorhies","Cleaning and Sanitation","Equipment and utensils","3417","(无描述)","G","-2","0"
"9560","2138","US00001","8th & Broadway","2026-05-31","门店自检","Laurel Vorhies","Cleaning and Sanitation","Equipment and utensils","3416","(无描述)","G","-2","0"
"9561","2138","US00001","8th & Broadway","2026-05-31","门店自检","Laurel Vorhies","Cleaning and Sanitation","Equipment and utensils","3415","(无描述)","G","-2","0"
"9562","2138","US00001","8th & Broadway","2026-05-31","门店自检","Laurel Vorhies","Workplace Safety","Workplace Safety","3468","Fire extinguisher is missing tag","G","-2","0"
"9564","2138","US00001","8th & Broadway","2026-05-31","门店自检","Laurel Vorhies","Workplace Safety","Workplace Safety","3467","(无描述)","G","-2","0"
"9565","2138","US00001","8th & Broadway","2026-05-31","门店自检","Laurel Vorhies","Employees’ Health and Personal Hygiene","Personal Hygiene","3377","(无描述)","G","-2","0"
"9566","2138","US00001","8th & Broadway","2026-05-31","门店自检","Laurel Vorhies","Pests Control","Pest control devices","3454","No lights in any box","G","-2","0"
"9563","2138","US00001","8th & Broadway","2026-05-31","门店自检","Laurel Vorhies","Cleaning and Sanitation","Customer Area","3423","(无描述)","L","-1","0"
"9568","2138","US00001","8th & Broadway","2026-05-31","门店自检","Laurel Vorhies","Cleaning and Sanitation","Operation Stand, Shelf, Cabinet and Water Sink","3418","(无描述)","L","-1","0"
"9165","2052","US00002","28th & 6th","2026-05-01","门店自检","Andrew Hu","Cleaning and Sanitation","Clean & Sanitize","3087","Under 100ppm","M","-5","0"
"9161","2052","US00002","28th & 6th","2026-05-01","门店自检","Andrew Hu","Cleaning and Sanitation","Equipment and utensils","3091","Food residue and dust under shelves in boh 

Matcha stain in untensil rack

Dust on top of fridge door

Fridge has residue from milk containers","G","-2","0"
"9162","2052","US00002","28th & 6th","2026-05-01","门店自检","Andrew Hu","Process Control","Material Storage Location Specification","3068","Locked box was unlocked ","G","-2","0"
"9163","2052","US00002","28th & 6th","2026-05-01","门店自检","Andrew Hu","Facility","Sinks and Pipes","3121","Sink backflow","G","-2","0"
"9166","2052","US00002","28th & 6th","2026-05-01","门店自检","Andrew Hu","Cleaning and Sanitation","Equipment and utensils","3093","Food residue on tongs and tray

Ice scoop tray with water and milk","G","-2","0"
"9167","2052","US00002","28th & 6th","2026-05-01","门店自检","Andrew Hu","Cleaning and Sanitation","Equipment and utensils","3092","Matcha stain on base","G","-2","0"
"9164","2052","US00002","28th & 6th","2026-05-01","门店自检","Andrew Hu","Cleaning and Sanitation","Operation Stand, Shelf, Cabinet and Water Sink","3094","Standing water on ice machine","L","-1","0"
"9168","2052","US00002","28th & 6th","2026-05-01","门店自检","Andrew Hu","Cleaning and Sanitation","Food Processing Area","3096","Window tint peeling","L","-1","0"
"9169","2052","US00002","28th & 6th","2026-05-01","门店自检","Andrew Hu","Cleaning and Sanitation","Food Processing Area","3095","Standing water in bar near sink and drip

Cold brew stain on floor","L","-1","0"
"9229","2063","US00002","28th & 6th","2026-05-09","门店自检","Jian Ming Juo","Temperature Control / Expiration Date Management.","Product Storage Conditions","3432","Missing thermometer","S","-5","0"
"9225","2063","US00002","28th & 6th","2026-05-09","门店自检","Jian Ming Juo","Cleaning and Sanitation","Equipment and utensils","3416","Food residue on blender shroud","G","-2","0"
"9226","2063","US00002","28th & 6th","2026-05-09","门店自检","Jian Ming Juo","Cleaning and Sanitation","Equipment and utensils","3415","Food residue ","G","-2","0"
"9227","2063","US00002","28th & 6th","2026-05-09","门店自检","Jian Ming Juo","Workplace Safety","Workplace Safety","3469","Not present","G","-2","0"
"9228","2063","US00002","28th & 6th","2026-05-09","门店自检","Jian Ming Juo","Facility","Good condition","3444","Countertop seals peeling ","G","-2","0"
"9230","2063","US00002","28th & 6th","2026-05-09","门店自检","Jian Ming Juo","Workplace Safety","Workplace Safety","3470","Unprotected corner","G","-2","0"
"9231","2063","US00002","28th & 6th","2026-05-09","门店自检","Jian Ming Juo","Process Control","Material Storage Location Specification","3391","only ~4.3 inches off the ground","G","-2","0"
"9232","2063","US00002","28th & 6th","2026-05-09","门店自检","Jian Ming Juo","Cleaning and Sanitation","Chemicals","3407","Label unclear","G","-2","0"
"9234","2063","US00002","28th & 6th","2026-05-09","门店自检","Jian Ming Juo","Cleaning and Sanitation","Waste Management","3429","No designated compost bin","G","-2","0"
"9233","2063","US00002","28th & 6th","2026-05-09","门店自检","Jian Ming Juo","Cleaning and Sanitation","Operation Stand, Shelf, Cabinet and Water Sink","3418","Food residue","L","-1","0"
"9631","2078","US00002","28th & 6th","2026-05-12","区经检查","Jung Han Liang","Temperature Control / Expiration Date Management.","Expiration Date","3544","No open label ","M","-5","0"
"9632","2078","US00002","28th & 6th","2026-05-12","区经检查","Jung Han Liang","Cleaning and Sanitation","Clean & Sanitize","3518","Red color close left in the sinks ","M","-5","0"
"9626","2078","US00002","28th & 6th","2026-05-12","区经检查","Jung Han Liang","Cleaning and Sanitation","Equipment and utensils","3524","Limescale on ice machine 
Excessive water on ice machine ","G","-2","0"
"9627","2078","US00002","28th & 6th","2026-05-12","区经检查","Jung Han Liang","Process Control","Standard procedures","3510","Food contact cleaning material in the sink.  ","G","-2","0"
"9630","2078","US00002","28th & 6th","2026-05-12","区经检查","Jung Han Liang","Cleaning and Sanitation","Equipment and utensils","3523","Coffee stain in the fridge ","G","-2","0"
"9634","2078","US00002","28th & 6th","2026-05-12","区经检查","Jung Han Liang","Facility","Sinks and Pipes","3554","Please keep filter tank clean ","G","-2","0"
"9628","2078","US00002","28th & 6th","2026-05-12","区经检查","Jung Han Liang","Cleaning and Sanitation","Food Processing Area","3527","Trash on the floor ","L","-1","0"
"9629","2078","US00002","28th & 6th","2026-05-12","区经检查","Jung Han Liang","Cleaning and Sanitation","Operation Stand, Shelf, Cabinet and Water Sink","3526","Matcha stain on counter ","L","-1","0"
"9633","2078","US00002","28th & 6th","2026-05-12","区经检查","Jung Han Liang","Cleaning and Sanitation","Customer Area","3533"," Customer area not clean. ","L","-1","0"
"9305","2085","US00002","28th & 6th","2026-05-15","QA审计","Eamonn Caballar","Workplace Safety","Workplace Safety","3360","Fire extinguishers need May Check. ","G","-2","1"
"9306","2085","US00002","28th & 6th","2026-05-15","QA审计","Eamonn Caballar","Process Control","Material Storage Location Specification","3283","Standing water on ice machine.","G","-2","0"
"9307","2085","US00002","28th & 6th","2026-05-15","QA审计","Eamonn Caballar","Cleaning and Sanitation","Equipment and utensils","3308","Sanitizer residue on ice machine.

Dried matcha on blenders.


Matcha residue found on syrup machine.","G","-2","0"
"9308","2085","US00002","28th & 6th","2026-05-15","QA审计","Eamonn Caballar","Cleaning and Sanitation","Equipment and utensils","3307","Dust found on fridges.","G","-2","0"
"9309","2085","US00002","28th & 6th","2026-05-15","QA审计","Eamonn Caballar","Cleaning and Sanitation","Clean & Sanitize","3306","Store tasks beyond the 15 min grace period.","G","-2","0"
"9310","2085","US00002","28th & 6th","2026-05-15","QA审计","Eamonn Caballar","Process Control","Cross-Contamination","3287","Exposed pitcher found in storage with product inside.","G","-2","0"
"9311","2085","US00002","28th & 6th","2026-05-15","QA审计","Eamonn Caballar","Process Control","Material Storage Location Specification","3284","Lockbox unlocked ","G","-2","0"
"9312","2085","US00002","28th & 6th","2026-05-15","QA审计","Eamonn Caballar","Cleaning and Sanitation","Equipment and utensils","3309","Moisture clumping found in cloud powder.","G","-2","0"
"9384","2095","US00002","28th & 6th","2026-05-16","门店自检","Brionna Jiles","Document Record","Licenses and certificates","3369","Missing no pets and trash pickup schedule signage","M","-5","0"
"9383","2095","US00002","28th & 6th","2026-05-16","门店自检","Brionna Jiles","Cleaning and Sanitation","Waste Management","3429","No compost ","G","-2","0"
"9447","2115","US00002","28th & 6th","2026-05-22","门店自检","Andrew Hu","Document Record","Licenses and certificates","3369","No “no pets allowed sign”","M","-5","0"
"9448","2115","US00002","28th & 6th","2026-05-22","门店自检","Andrew Hu","Cleaning and Sanitation","Clean & Sanitize","3411","Under 100ppm","M","-5","0"
"9445","2115","US00002","28th & 6th","2026-05-22","门店自检","Andrew Hu","Cleaning and Sanitation","Equipment and utensils","3416","Matcha residue on blender","G","-2","0"
"9446","2115","US00002","28th & 6th","2026-05-22","门店自检","Andrew Hu","Cleaning and Sanitation","Equipment and utensils","3415","Milk carton residue still present from delivery
Cold brew residue","G","-2","0"
"9449","2115","US00002","28th & 6th","2026-05-22","门店自检","Andrew Hu","Facility","Good condition","3444","Sealing missing","G","-2","0"
"9450","2115","US00002","28th & 6th","2026-05-22","门店自检","Andrew Hu","Process Control","Material Storage Location Specification","3391","Standing water on ice machine","G","-2","0"
"9451","2115","US00002","28th & 6th","2026-05-22","门店自检","Andrew Hu","Cleaning and Sanitation","Operation Stand, Shelf, Cabinet and Water Sink","3418","Food residue on tongs and in container","L","-1","0"
"9197","2056","US00003","100 Maiden Ln","2026-05-03","区经检查","Daniel Chu","Employees’ Health and Personal Hygiene","Handwashing Standards","3169","Employee dropped sani packets on floor, picked it up, and did not wash hands after. Proceeded to continue work ","M","-5","0"
"9198","2056","US00003","100 Maiden Ln","2026-05-03","区经检查","Daniel Chu","Cleaning and Sanitation","Equipment and utensils","3201","(无描述)","G","-2","0"
"9199","2056","US00003","100 Maiden Ln","2026-05-03","区经检查","Daniel Chu","Cleaning and Sanitation","Equipment and utensils","3199","Just a little dusty ","G","-2","0"
"9200","2056","US00003","100 Maiden Ln","2026-05-03","区经检查","Daniel Chu","Process Control","Standard procedures","3186","Lots of standing water on ice machine ","G","-2","0"
"9256","2070","US00003","100 Maiden Ln","2026-05-11","QA审计","Eamonn Caballar","Cleaning and Sanitation","Equipment and utensils","3307","Fridges found with dust at tops.","G","-2","0"
"9257","2070","US00003","100 Maiden Ln","2026-05-11","QA审计","Eamonn Caballar","Cleaning and Sanitation","Clean & Sanitize","3304","Food material clumping found in smoothie powder.","G","-2","0"
"9258","2070","US00003","100 Maiden Ln","2026-05-11","QA审计","Eamonn Caballar","Facility","Good condition","3336","Bathroom Door does NOT work.","G","-2","0"
"9260","2070","US00003","100 Maiden Ln","2026-05-11","QA审计","Eamonn Caballar","Cleaning and Sanitation","Equipment and utensils","3308","Ice machine with sanitizer build up. ","G","-2","0"
"9259","2070","US00003","100 Maiden Ln","2026-05-11","QA审计","Eamonn Caballar","Cleaning and Sanitation","Operation Stand, Shelf, Cabinet and Water Sink","3310","Standing water on ice machine.","L","-1","0"
"9678","2144","US00003","100 Maiden Ln","2026-05-13","区经检查","Jung Han Liang","Document Record","Licenses and certificates","3477","Outdated poster ","M","-5","0"
"9369","2080","US00003","100 Maiden Ln","2026-05-13","门店自检","Dominique Meadows","Process Control","Storage/Maintenance of Utensils","3393","Dirty standing water in clean milk pitcher","G","-2","0"
"9679","2144","US00003","100 Maiden Ln","2026-05-13","区经检查","Jung Han Liang","Cleaning and Sanitation","Equipment and utensils","3524","Excessive water ","G","-2","0"
"9680","2144","US00003","100 Maiden Ln","2026-05-13","区经检查","Jung Han Liang","Cleaning and Sanitation","Equipment and utensils","3523","Stain on fridge ","G","-2","0"
"9681","2144","US00003","100 Maiden Ln","2026-05-13","区经检查","Jung Han Liang","Facility","Sinks and Pipes","3554","Please keep sink clean ","G","-2","0"
"9683","2144","US00003","100 Maiden Ln","2026-05-13","区经检查","Jung Han Liang","Facility","Sinks and Pipes","3553","Drains back flow ","G","-2","0"
"9682","2144","US00003","100 Maiden Ln","2026-05-13","区经检查","Jung Han Liang","Cleaning and Sanitation","Food Processing Area","3527","Trash on floor ","L","-1","0"
"9519","2132","US00003","100 Maiden Ln","2026-05-28","门店自检","Dominique Meadows","Approved Supplier","Approved Goods","3390","(无描述)","G","-2","0"
"9520","2132","US00003","100 Maiden Ln","2026-05-28","门店自检","Dominique Meadows","Cleaning and Sanitation","Equipment and utensils","3416","(无描述)","G","-2","0"
"9521","2132","US00003","100 Maiden Ln","2026-05-28","门店自检","Dominique Meadows","Process Control","Storage/Maintenance of Utensils","3393","(无描述)","G","-2","0"
"9522","2132","US00003","100 Maiden Ln","2026-05-28","门店自检","Dominique Meadows","Cleaning and Sanitation","Operation Stand, Shelf, Cabinet and Water Sink","3418","(无描述)","L","-1","0"
"9151","2050","US00004","37th & Broadway","2026-05-01","门店自检","Austin Gebhardt","Cleaning and Sanitation","Clean & Sanitize","3087","Sani buckets not at 100ppm","M","-5","0"
"9150","2050","US00004","37th & Broadway","2026-05-01","门店自检","Austin Gebhardt","Cleaning and Sanitation","Equipment and utensils","3091","Food residues and dust on fridges.","G","-2","0"
"9152","2050","US00004","37th & Broadway","2026-05-01","门店自检","Austin Gebhardt","Cleaning and Sanitation","Equipment and utensils","3093","Food residues in blender and on pitchers.","G","-2","0"
"9153","2050","US00004","37th & Broadway","2026-05-01","门店自检","Austin Gebhardt","Cleaning and Sanitation","Equipment and utensils","3092","Build up in syrup machine","G","-2","0"
"9154","2050","US00004","37th & Broadway","2026-05-01","门店自检","Austin Gebhardt","Facility","Grease traps","3124","strong odor from grease trap","G","-2","0"
"9155","2050","US00004","37th & Broadway","2026-05-01","门店自检","Austin Gebhardt","Process Control","Storage/Maintenance of Utensils","3069","standing water in pitcher ","G","-2","0"
"9208","2060","US00004","37th & Broadway","2026-05-06","门店自检","Tunisia Hayward","Temperature Control / Expiration Date Management.","Expiration Date","3112","Syrup does not have label","M","-5","0"
"9207","2060","US00004","37th & Broadway","2026-05-06","门店自检","Tunisia Hayward","Process Control","Material Storage Location Specification","3068","Standing water in bar spoon pitcher","G","-2","0"
"9209","2060","US00004","37th & Broadway","2026-05-06","门店自检","Tunisia Hayward","Facility","Good condition","3120","Creaks need to be sealed","G","-2","0"
"9210","2060","US00004","37th & Broadway","2026-05-06","门店自检","Tunisia Hayward","Workplace Safety","Workplace Safety","3142","No staff only sign","G","-2","0"
"9622","2079","US00004","37th & Broadway","2026-05-12","区经检查","Jung Han Liang","Cleaning and Sanitation","Equipment and utensils","3524","Ice bin stains ","G","-2","0"
"9624","2079","US00004","37th & Broadway","2026-05-12","区经检查","Jung Han Liang","Facility","Sinks and Pipes","3554","Please improve the pipe and floor ","G","-2","0"
"9623","2079","US00004","37th & Broadway","2026-05-12","区经检查","Jung Han Liang","Cleaning and Sanitation","Operation Stand, Shelf, Cabinet and Water Sink","3526","Many stains on the counter fridge ","L","-1","0"
"9625","2079","US00004","37th & Broadway","2026-05-12","区经检查","Jung Han Liang","Cleaning and Sanitation","Food Processing Area","3527","Floor is dirty please scrub it ","L","-1","0"
"9341","2090","US00004","37th & Broadway","2026-05-15","门店自检","Tunisia Hayward","Facility","Good condition","3444","(无描述)","G","-2","0"
"9342","2090","US00004","37th & Broadway","2026-05-15","门店自检","Tunisia Hayward","Workplace Safety","Workplace Safety","3466","(无描述)","G","-2","0"
"9343","2090","US00004","37th & Broadway","2026-05-15","门店自检","Tunisia Hayward","Process Control","Material Storage Location Specification","3392","(无描述)","G","-2","0"
"9344","2090","US00004","37th & Broadway","2026-05-15","门店自检","Tunisia Hayward","Process Control","Material Storage Location Specification","3391","(无描述)","G","-2","0"
"9413","2105","US00004","37th & Broadway","2026-05-20","QA审计","Eamonn Caballar","Process Control","Material Storage Location Specification","3284","Lockbox open. ","G","-2","0"
"9414","2105","US00004","37th & Broadway","2026-05-20","QA审计","Eamonn Caballar","Cleaning and Sanitation","Equipment and utensils","3307","Dust build up on fridge doors.

Milk staining on doors. ","G","-2","0"
"9415","2105","US00004","37th & Broadway","2026-05-20","QA审计","Eamonn Caballar","Cleaning and Sanitation","Equipment and utensils","3308","Residue sighted in ice machine lid. 

Coffee grounds on grinder.","G","-2","0"
"9416","2105","US00004","37th & Broadway","2026-05-20","QA审计","Eamonn Caballar","Cleaning and Sanitation","Clean & Sanitize","3306","Tasks outside 15 min grace period.","G","-2","0"
"9417","2105","US00004","37th & Broadway","2026-05-20","QA审计","Eamonn Caballar","Cleaning and Sanitation","Equipment and utensils","3309","Blender pads with matcha stains. ","G","-2","0"
"9418","2105","US00004","37th & Broadway","2026-05-20","QA审计","Eamonn Caballar","Process Control","Cross-Contamination","3287","Pitcher found exposed to air. ","G","-2","0"
"9419","2105","US00004","37th & Broadway","2026-05-20","QA审计","Eamonn Caballar","Facility","Good condition","3336","Restroom Door still needs a proper handle. 

","G","-2","1"
"9436","2113","US00004","37th & Broadway","2026-05-21","门店自检","Austin Gebhardt","Cleaning and Sanitation","Equipment and utensils","3415","Fridges have stains.","G","-2","0"
"9437","2113","US00004","37th & Broadway","2026-05-21","门店自检","Austin Gebhardt","Cleaning and Sanitation","Equipment and utensils","3416","Ice machine dirty in crevice.","G","-2","0"
"9438","2113","US00004","37th & Broadway","2026-05-21","门店自检","Austin Gebhardt","Cleaning and Sanitation","Equipment and utensils","3417","limescale","G","-2","0"
"9439","2113","US00004","37th & Broadway","2026-05-21","门店自检","Austin Gebhardt","Process Control","Storage/Maintenance of Utensils","3393","standing water","G","-2","0"
"9440","2113","US00004","37th & Broadway","2026-05-21","门店自检","Austin Gebhardt","Facility","Grease traps","3448","grounds covering grease trap","G","-2","0"
"9441","2113","US00004","37th & Broadway","2026-05-21","门店自检","Austin Gebhardt","Employees’ Health and Personal Hygiene","Personal Hygiene","3378","no hairnet","G","-2","0"
"9503","2118","US00004","37th & Broadway","2026-05-23","门店自检","Austin Gebhardt","Cleaning and Sanitation","Clean & Sanitize","3414","not within timeframe","G","-2","0"
"9504","2118","US00004","37th & Broadway","2026-05-23","门店自检","Austin Gebhardt","Cleaning and Sanitation","Equipment and utensils","3415","Food residue. Dust.","G","-2","0"
"9505","2118","US00004","37th & Broadway","2026-05-23","门店自检","Austin Gebhardt","Cleaning and Sanitation","Equipment and utensils","3416","build up at the top of espresso.","G","-2","0"
"9506","2118","US00004","37th & Broadway","2026-05-23","门店自检","Austin Gebhardt","Cleaning and Sanitation","Equipment and utensils","3417","residue and limescale","G","-2","0"
"9508","2118","US00004","37th & Broadway","2026-05-23","门店自检","Austin Gebhardt","Process Control","Material Storage Location Specification","3391","standing water","G","-2","0"
"9352","2091","US00005","54th & 8th","2026-05-15","门店自检","Eric Park","Process Control","Cross-Contamination","3394","Thongs not being cleaned after each use","S","-5","0"
"9350","2091","US00005","54th & 8th","2026-05-15","门店自检","Eric Park","Cleaning and Sanitation","Clean & Sanitize","3411","Buckets not changed.","M","-5","0"
"9345","2091","US00005","54th & 8th","2026-05-15","门店自检","Eric Park","Cleaning and Sanitation","Equipment and utensils","3417","Standing water","G","-2","0"
"9346","2091","US00005","54th & 8th","2026-05-15","门店自检","Eric Park","Cleaning and Sanitation","Equipment and utensils","3415","Fridge dirty ","G","-2","0"
"9347","2091","US00005","54th & 8th","2026-05-15","门店自检","Eric Park","Cleaning and Sanitation","Clean & Sanitize","3414","Not done","G","-2","0"
"9349","2091","US00005","54th & 8th","2026-05-15","门店自检","Eric Park","Cleaning and Sanitation","Clean & Sanitize","3413","Meets temp","G","-2","0"
"9351","2091","US00005","54th & 8th","2026-05-15","门店自检","Eric Park","Process Control","Cross-Contamination","3397","Needs to be wiped down","G","-2","0"
"9348","2091","US00005","54th & 8th","2026-05-15","门店自检","Eric Park","Cleaning and Sanitation","Customer Area","3425","(无描述)","L","-1","0"
"9411","2102","US00005","54th & 8th","2026-05-19","QA审计","Eamonn Caballar","Facility","Sinks and Pipes","3339","Air gap not within parameters. Drain is also hard to reach to clean it. ","S","-5","1"
"9408","2102","US00005","54th & 8th","2026-05-19","QA审计","Eamonn Caballar","Cleaning and Sanitation","Equipment and utensils","3308","Minor Sanitizer residue on ice machine. ","G","-2","0"
"9409","2102","US00005","54th & 8th","2026-05-19","QA审计","Eamonn Caballar","Cleaning and Sanitation","Clean & Sanitize","3306","Tasks beyond 15 minute grace period. ","G","-2","0"
"9410","2102","US00005","54th & 8th","2026-05-19","QA审计","Eamonn Caballar","Cleaning and Sanitation","Equipment and utensils","3307","Stains on refrigerator on the door and inside. ","G","-2","0"
"9412","2102","US00005","54th & 8th","2026-05-19","QA审计","Eamonn Caballar","Process Control","Material Storage Location Specification","3284","Lock box unlocked. ","G","-2","0"
"9590","2122","US00005","54th & 8th","2026-05-25","区经检查","Jung Han Liang","Facility","Sinks and Pipes","3555","Air gap issues ","S","-5","0"
"9589","2122","US00005","54th & 8th","2026-05-25","区经检查","Jung Han Liang","Workplace Safety","Workplace Safety","3573","Severe hazard that door can’t be completely opened, the drip machine is here for too long. ","G","-2","0"
"9592","2122","US00005","54th & 8th","2026-05-25","区经检查","Jung Han Liang","Cleaning and Sanitation","Equipment and utensils","3523","Stains of surface. ","G","-2","0"
"9593","2122","US00005","54th & 8th","2026-05-25","区经检查","Jung Han Liang","Cleaning and Sanitation","Equipment and utensils","3524","Stain of santi ","G","-2","0"
"9594","2122","US00005","54th & 8th","2026-05-25","区经检查","Jung Han Liang","Process Control","Cross-Contamination","3504","Ice machine lid unlocked while no ice machine cleaning process on going. ","G","-2","0"
"9591","2122","US00005","54th & 8th","2026-05-25","区经检查","Jung Han Liang","Cleaning and Sanitation","Operation Stand, Shelf, Cabinet and Water Sink","3526","Air dry area has rusty or stain spot ","L","-1","0"
"9583","2141","US00005","54th & 8th","2026-05-31","门店自检","Eric Park","Cleaning and Sanitation","Clean & Sanitize","3411","Not 100","M","-5","0"
"9582","2141","US00005","54th & 8th","2026-05-31","门店自检","Eric Park","Process Control","Material Storage Location Specification","3392","Not locked","G","-2","0"
"9584","2141","US00005","54th & 8th","2026-05-31","门店自检","Eric Park","Cleaning and Sanitation","Operation Stand, Shelf, Cabinet and Water Sink","3418","Standing water","L","-1","0"
"9196","2055","US00006","102 Fulton","2026-05-03","区经检查","Daniel Chu","Facility","Sinks and Pipes","3231","(无描述)","S","-5","0"
"9195","2055","US00006","102 Fulton","2026-05-03","区经检查","Daniel Chu","Temperature Control / Expiration Date Management.","Expiration Date","3220","Technically this is unreadable ","M","-5","0"
"9235","2065","US00006","102 Fulton","2026-05-10","门店自检","Shangxian Piao","Cleaning and Sanitation","Equipment and utensils","3416","(无描述)","G","-2","0"
"9236","2065","US00006","102 Fulton","2026-05-10","门店自检","Shangxian Piao","Facility","Grease traps","3448","Bad odor","G","-2","0"
"9237","2065","US00006","102 Fulton","2026-05-10","门店自检","Shangxian Piao","Pests Control","Prevent pests from outside","3458","(无描述)","G","-2","0"
"9238","2065","US00006","102 Fulton","2026-05-10","门店自检","Shangxian Piao","Facility","Sinks and Pipes","3445","Backflow","G","-2","0"
"9239","2065","US00006","102 Fulton","2026-05-10","门店自检","Shangxian Piao","Facility","Good condition","3443","Backflow. JC is aware and will be sending someone to fix soon","G","-2","0"
"9240","2065","US00006","102 Fulton","2026-05-10","门店自检","Shangxian Piao","Process Control","Cross-Contamination","3397","(无描述)","G","-2","0"
"9241","2065","US00006","102 Fulton","2026-05-10","门店自检","Shangxian Piao","Cleaning and Sanitation","Food Processing Area","3419","Standing water ","L","-1","0"
"9242","2065","US00006","102 Fulton","2026-05-10","门店自检","Shangxian Piao","Cleaning and Sanitation","Operation Stand, Shelf, Cabinet and Water Sink","3418","(无描述)","L","-1","0"
"9250","2067","US00006","102 Fulton","2026-05-11","QA审计","Eamonn Caballar","Temperature Control / Expiration Date Management.","Expiration Date","3328","Missing expiration tag on syrup bottle. ","M","-5","0"
"9251","2067","US00006","102 Fulton","2026-05-11","QA审计","Eamonn Caballar","Cleaning and Sanitation","Clean & Sanitize","3303","Different PPMs reading amongst sanitizer bins ranging from 10-200ppm","M","-5","0"
"9243","2067","US00006","102 Fulton","2026-05-11","QA审计","Eamonn Caballar","Cleaning and Sanitation","Equipment and utensils","3307","Dust sighted on top of fridges. 

Dust on filters of fridges.","G","-2","0"
"9244","2067","US00006","102 Fulton","2026-05-11","QA审计","Eamonn Caballar","Facility","Sinks and Pipes","3337","Backflow reported Under three compartment sink. (Reported)","G","-2","0"
"9245","2067","US00006","102 Fulton","2026-05-11","QA审计","Eamonn Caballar","Process Control","Material Storage Location Specification","3284","Lockbox unlocked and easily accessible. ","G","-2","0"
"9247","2067","US00006","102 Fulton","2026-05-11","QA审计","Eamonn Caballar","Cleaning and Sanitation","Equipment and utensils","3308","Ice machine with visible dust and sanitizer stains.

Dust found on workstation.

Coffee grounds found under espresso machine (Left)

Chocolate (Dried) found on blender padding.","G","-2","0"
"9248","2067","US00006","102 Fulton","2026-05-11","QA审计","Eamonn Caballar","Maintenance of Equipment","well-maintained","3332","Out of service tag needed for broken dishwasher.","G","-2","0"
"9249","2067","US00006","102 Fulton","2026-05-11","QA审计","Eamonn Caballar","Cleaning and Sanitation","Clean & Sanitize","3306","Tasks out of 15 minute timer. ","G","-2","0"
"9246","2067","US00006","102 Fulton","2026-05-11","QA审计","Eamonn Caballar","Cleaning and Sanitation","Food Processing Area","3314","AC vents with significant dust build up. ","L","-1","0"
"9674","2143","US00006","102 Fulton","2026-05-13","区经检查","Jung Han Liang","Document Record","Licenses and certificates","3477","Last year poster ","M","-5","0"
"9673","2143","US00006","102 Fulton","2026-05-13","区经检查","Jung Han Liang","Facility","Sinks and Pipes","3553","Backflown","G","-2","0"
"9675","2143","US00006","102 Fulton","2026-05-13","区经检查","Jung Han Liang","Facility","Sinks and Pipes","3554","Too fiery of the sink and drains ","G","-2","0"
"9676","2143","US00006","102 Fulton","2026-05-13","区经检查","Jung Han Liang","Cleaning and Sanitation","Equipment and utensils","3525","Keep this all clean and as you go ","G","-2","0"
"9677","2143","US00006","102 Fulton","2026-05-13","区经检查","Jung Han Liang","Workplace Safety","Workplace Safety","3573","Please trash broken stuff","G","-2","0"
"9672","2143","US00006","102 Fulton","2026-05-13","区经检查","Jung Han Liang","Cleaning and Sanitation","Food Processing Area","3527","Floor is too dirty 
Standing water ","L","-1","0"
"9525","2133","US00006","102 Fulton","2026-05-29","门店自检","Shangxian Piao","Cleaning and Sanitation","Clean & Sanitize","3411","Sink Sani too low, in between 10 & 50 ppm","M","-5","0"
"9526","2133","US00006","102 Fulton","2026-05-29","门店自检","Shangxian Piao","Cleaning and Sanitation","Clean & Sanitize","3410","Stains","M","-5","0"
"9530","2133","US00006","102 Fulton","2026-05-29","门店自检","Shangxian Piao","Temperature Control / Expiration Date Management.","Expiration Date","3436","No expiration label","M","-5","0"
"9523","2133","US00006","102 Fulton","2026-05-29","门店自检","Shangxian Piao","Process Control","Material Storage Location Specification","3391","Standing water in clean spoons ","G","-2","0"
"9524","2133","US00006","102 Fulton","2026-05-29","门店自检","Shangxian Piao","Cleaning and Sanitation","Equipment and utensils","3416","Top of drip cover dusty, dirty blender, dusty coffee tops","G","-2","0"
"9529","2133","US00006","102 Fulton","2026-05-29","门店自检","Shangxian Piao","Cleaning and Sanitation","Equipment and utensils","3417","Clumping of food on utensils","G","-2","0"
"9527","2133","US00006","102 Fulton","2026-05-29","门店自检","Shangxian Piao","Cleaning and Sanitation","Food Processing Area","3420","Stains on walls","L","-1","0"
"9528","2133","US00006","102 Fulton","2026-05-29","门店自检","Shangxian Piao","Cleaning and Sanitation","Operation Stand, Shelf, Cabinet and Water Sink","3418","Residue on bar surface ","L","-1","0"
"9263","2071","US00007","108th & Broadway","2026-05-11","门店自检","Eva Moustafa","Pests Control","No Sign of Insect Pests","3450","(无描述)","S","-5","0"
"9262","2071","US00007","108th & Broadway","2026-05-11","门店自检","Eva Moustafa","Cleaning and Sanitation","Clean & Sanitize","3411","(无描述)","M","-5","0"
"9261","2071","US00007","108th & Broadway","2026-05-11","门店自检","Eva Moustafa","Cleaning and Sanitation","Equipment and utensils","3416","(无描述)","G","-2","0"
"9264","2071","US00007","108th & Broadway","2026-05-11","门店自检","Eva Moustafa","Process Control","Storage/Maintenance of Utensils","3393","(无描述)","G","-2","0"
"9265","2071","US00007","108th & Broadway","2026-05-11","门店自检","Eva Moustafa","Process Control","Material Storage Location Specification","3392","(无描述)","G","-2","0"
"9266","2071","US00007","108th & Broadway","2026-05-11","门店自检","Eva Moustafa","Process Control","Material Storage Location Specification","3391","(无描述)","G","-2","0"
"9394","2097","US00007","108th & Broadway","2026-05-18","门店自检","Juan Ortiz-Fontanez","Temperature Control / Expiration Date Management.","Expiration Date","3435","No food label","S","-5","0"
"9395","2097","US00007","108th & Broadway","2026-05-18","门店自检","Juan Ortiz-Fontanez","Pests Control","No Sign of Insect Pests","3450","(无描述)","S","-5","0"
"9390","2097","US00007","108th & Broadway","2026-05-18","门店自检","Juan Ortiz-Fontanez","Cleaning and Sanitation","Clean & Sanitize","3411","Not within proper range ","M","-5","0"
"9389","2097","US00007","108th & Broadway","2026-05-18","门店自检","Juan Ortiz-Fontanez","Cleaning and Sanitation","Clean & Sanitize","3413","Temperature at 165","G","-2","0"
"9391","2097","US00007","108th & Broadway","2026-05-18","门店自检","Juan Ortiz-Fontanez","Cleaning and Sanitation","Equipment and utensils","3416","Materials on blender head ","G","-2","0"
"9392","2097","US00007","108th & Broadway","2026-05-18","门店自检","Juan Ortiz-Fontanez","Cleaning and Sanitation","Equipment and utensils","3415","Cold brew spills","G","-2","0"
"9393","2097","US00007","108th & Broadway","2026-05-18","门店自检","Juan Ortiz-Fontanez","Cleaning and Sanitation","Food Processing Area","3419","Cold brew spill","L","-1","0"
"9587","2121","US00007","108th & Broadway","2026-05-25","区经检查","Jung Han Liang","Pests Control","No Sign of Insect Pests","3558","Pest issue ","S","-5","0"
"9585","2121","US00007","108th & Broadway","2026-05-25","区经检查","Jung Han Liang","Workplace Safety","Workplace Safety","3576","No monthly check. 
No service check tag for basement device. ","G","-2","0"
"9586","2121","US00007","108th & Broadway","2026-05-25","区经检查","Jung Han Liang","Cleaning and Sanitation","Equipment and utensils","3525","Stain and milk residual under the cup holder of milk machine ","G","-2","0"
"9588","2121","US00007","108th & Broadway","2026-05-25","区经检查","Jung Han Liang","Maintenance of Equipment","well-maintained","3547","Potential hazard for delivery bag on the fridge ","G","-2","0"
"9463","2123","US00007","108th & Broadway","2026-05-26","QA审计","Eamonn Caballar","Process Control","Cross-Contamination","3286","Contaminated ice scoop sitting in milky water. ","S","-5","0"
"9459","2123","US00007","108th & Broadway","2026-05-26","QA审计","Eamonn Caballar","Process Control","Material Storage Location Specification","3284","Lockbox is unlocked and accessible. ","G","-2","0"
"9460","2123","US00007","108th & Broadway","2026-05-26","QA审计","Eamonn Caballar","Cleaning and Sanitation","Equipment and utensils","3307","Dust located on door hinges of refrigerator","G","-2","0"
"9461","2123","US00007","108th & Broadway","2026-05-26","QA审计","Eamonn Caballar","Cleaning and Sanitation","Equipment and utensils","3308","1. Excessive dust on top of ice machine. ","G","-2","0"
"9462","2123","US00007","108th & Broadway","2026-05-26","QA审计","Eamonn Caballar","Cleaning and Sanitation","Equipment and utensils","3309","Food residue and standing water found in warming station utensil holder. ","G","-2","0"
"9464","2123","US00007","108th & Broadway","2026-05-26","QA审计","Eamonn Caballar","Process Control","Cross-Contamination","3289","Clumping sighted on smoothie powder.","G","-2","0"
"9213","2058","US00008","33rd & 10th","2026-05-06","门店自检","Yaqing Zuo","Temperature Control / Expiration Date Management.","Product Storage Conditions","3108","(无描述)","S","-5","0"
"9201","2058","US00008","33rd & 10th","2026-05-06","门店自检","Yaqing Zuo","Cleaning and Sanitation","Clean & Sanitize","3087","(无描述)","M","-5","0"
"9211","2058","US00008","33rd & 10th","2026-05-06","门店自检","Yaqing Zuo","Cleaning and Sanitation","Equipment and utensils","3091","(无描述)","G","-2","0"
"9214","2058","US00008","33rd & 10th","2026-05-06","门店自检","Yaqing Zuo","Workplace Safety","Workplace Safety","3145","N/A","G","-2","0"
"9212","2058","US00008","33rd & 10th","2026-05-06","门店自检","Yaqing Zuo","Cleaning and Sanitation","Operation Stand, Shelf, Cabinet and Water Sink","3094","(无描述)","L","-1","0"
"9215","2058","US00008","33rd & 10th","2026-05-06","门店自检","Yaqing Zuo","Cleaning and Sanitation","Food Processing Area","3097","(无描述)","L","-1","0"
"9271","2072","US00008","33rd & 10th","2026-05-11","门店自检","Derson Liang","Cleaning and Sanitation","Clean & Sanitize","3411","(无描述)","M","-5","0"
"9662","2066","US00008","33rd & 10th","2026-05-11","区经检查","Jung Han Liang","Temperature Control / Expiration Date Management.","Expiration Date","3544","(无描述)","M","-5","0"
"9267","2072","US00008","33rd & 10th","2026-05-11","门店自检","Derson Liang","Cleaning and Sanitation","Equipment and utensils","3417","(无描述)","G","-2","0"
"9268","2072","US00008","33rd & 10th","2026-05-11","门店自检","Derson Liang","Cleaning and Sanitation","Equipment and utensils","3415","(无描述)","G","-2","0"
"9269","2072","US00008","33rd & 10th","2026-05-11","门店自检","Derson Liang","Facility","Grease traps","3448","(无描述)","G","-2","0"
"9270","2072","US00008","33rd & 10th","2026-05-11","门店自检","Derson Liang","Facility","Sinks and Pipes","3446","(无描述)","G","-2","0"
"9272","2072","US00008","33rd & 10th","2026-05-11","门店自检","Derson Liang","Facility","Good condition","3444","(无描述)","G","-2","0"
"9274","2072","US00008","33rd & 10th","2026-05-11","门店自检","Derson Liang","Temperature Control / Expiration Date Management.","Devices for Monitoring the Temperatures of All Refrigerators and Freezers","3431","(无描述)","G","-2","0"
"9275","2072","US00008","33rd & 10th","2026-05-11","门店自检","Derson Liang","Workplace Safety","Workplace Safety","3470","(无描述)","G","-2","0"
"9277","2072","US00008","33rd & 10th","2026-05-11","门店自检","Derson Liang","Process Control","Material Storage Location Specification","3391","(无描述)","G","-2","0"
"9657","2066","US00008","33rd & 10th","2026-05-11","区经检查","Jung Han Liang","Cleaning and Sanitation","Equipment and utensils","3524","Ice machine limescale","G","-2","0"
"9658","2066","US00008","33rd & 10th","2026-05-11","区经检查","Jung Han Liang","Cleaning and Sanitation","Equipment and utensils","3525","Dishwasher stain","G","-2","0"
"9659","2066","US00008","33rd & 10th","2026-05-11","区经检查","Jung Han Liang","Facility","Sinks and Pipes","3553","Air gap","G","-2","1"
"9661","2066","US00008","33rd & 10th","2026-05-11","区经检查","Jung Han Liang","Cleaning and Sanitation","Equipment and utensils","3523","Trash on floor and stain ","G","-2","0"
"9273","2072","US00008","33rd & 10th","2026-05-11","门店自检","Derson Liang","Cleaning and Sanitation","Food Processing Area","3420","(无描述)","L","-1","0"
"9276","2072","US00008","33rd & 10th","2026-05-11","门店自检","Derson Liang","Cleaning and Sanitation","Food Processing Area","3419","(无描述)","L","-1","0"
"9278","2072","US00008","33rd & 10th","2026-05-11","门店自检","Derson Liang","Cleaning and Sanitation","Operation Stand, Shelf, Cabinet and Water Sink","3418","(无描述)","L","-1","0"
"9660","2066","US00008","33rd & 10th","2026-05-11","区经检查","Jung Han Liang","Cleaning and Sanitation","Food Processing Area","3527","Trash on floor ","L","-1","0"
"9663","2066","US00008","33rd & 10th","2026-05-11","区经检查","Jung Han Liang","Cleaning and Sanitation","Customer Area","3531","Trash bin full causes trash overflow ","L","-1","0"
"9327","2089","US00008","33rd & 10th","2026-05-15","QA审计","Eamonn Caballar","Cleaning and Sanitation","Equipment and utensils","3307","Significant dust build up on side of ice machine.

Dust build up on refrigerator doors","G","-2","0"
"9328","2089","US00008","33rd & 10th","2026-05-15","QA审计","Eamonn Caballar","Process Control","Storage/Maintenance of Utensils","3285","Ice machine with visible standing water. 

Bar spoons (Clean) sighted in standing water. ","G","-2","0"
"9329","2089","US00008","33rd & 10th","2026-05-15","QA审计","Eamonn Caballar","Process Control","Material Storage Location Specification","3284","Lock box unlocked.","G","-2","0"
"9330","2089","US00008","33rd & 10th","2026-05-15","QA审计","Eamonn Caballar","Cleaning and Sanitation","Equipment and utensils","3308","Sanitizer residue on ice machine.
Dust found in top of multiple appliances on production floor. (Coffee grinder, warming station, espresso machines.)","G","-2","0"
"9332","2089","US00008","33rd & 10th","2026-05-15","QA审计","Eamonn Caballar","Pests Control","Pest control devices","3345","May visit needs to be completed.","G","-2","0"
"9333","2089","US00008","33rd & 10th","2026-05-15","QA审计","Eamonn Caballar","Workplace Safety","Workplace Safety","3362","Sharp edge sighted by warming station. ","G","-2","0"
"9334","2089","US00008","33rd & 10th","2026-05-15","QA审计","Eamonn Caballar","Cleaning and Sanitation","Clean & Sanitize","3304","Signs of moisture in cloud powder. (Clumping) ","G","-2","0"
"9337","2089","US00008","33rd & 10th","2026-05-15","QA审计","Eamonn Caballar","Facility","Sinks and Pipes","3338","Dirty piping with build up sighted next to grease trap drain. ","G","-2","0"
"9338","2089","US00008","33rd & 10th","2026-05-15","QA审计","Eamonn Caballar","Cleaning and Sanitation","Food Processing Area","3311","Fallen coffee grounds found under left espresso machine shelf.","L","-1","0"
"9456","2120","US00008","33rd & 10th","2026-05-25","门店自检","Derson Liang","Temperature Control / Expiration Date Management.","Product Storage Conditions","3432","(无描述)","S","-5","0"
"9452","2120","US00008","33rd & 10th","2026-05-25","门店自检","Derson Liang","Cleaning and Sanitation","Equipment and utensils","3417","(无描述)","G","-2","0"
"9453","2120","US00008","33rd & 10th","2026-05-25","门店自检","Derson Liang","Cleaning and Sanitation","Equipment and utensils","3416","(无描述)","G","-2","0"
"9454","2120","US00008","33rd & 10th","2026-05-25","门店自检","Derson Liang","Cleaning and Sanitation","Equipment and utensils","3415","(无描述)","G","-2","0"
"9457","2120","US00008","33rd & 10th","2026-05-25","门店自检","Derson Liang","Process Control","Material Storage Location Specification","3391","(无描述)","G","-2","0"
"9455","2120","US00008","33rd & 10th","2026-05-25","门店自检","Derson Liang","Cleaning and Sanitation","Customer Area","3425","(无描述)","L","-1","0"
"9458","2120","US00008","33rd & 10th","2026-05-25","门店自检","Derson Liang","Cleaning and Sanitation","Operation Stand, Shelf, Cabinet and Water Sink","3418","(无描述)","L","-1","0"
"9671","2075","US00010","154 Bleecker","2026-05-11","区经检查","Jung Han Liang","Document Record","Licenses and certificates","3477","Missing HR compliance poster ","M","-5","0"
"9664","2075","US00010","154 Bleecker","2026-05-11","区经检查","Jung Han Liang","Cleaning and Sanitation","Equipment and utensils","3524","Ice machine with stains 
Espresso machine ","G","-2","0"
"9666","2075","US00010","154 Bleecker","2026-05-11","区经检查","Jung Han Liang","Cleaning and Sanitation","Equipment and utensils","3523","Stain in the fridge ","G","-2","0"
"9667","2075","US00010","154 Bleecker","2026-05-11","区经检查","Jung Han Liang","Facility","Sinks and Pipes","3554","Matcha stain 
Sink dirty ","G","-2","0"
"9668","2075","US00010","154 Bleecker","2026-05-11","区经检查","Jung Han Liang","Workplace Safety","Workplace Safety","3576","No service check ","G","-2","0"
"9669","2075","US00010","154 Bleecker","2026-05-11","区经检查","Jung Han Liang","Facility","Sinks and Pipes","3553","Air gap ","G","-2","0"
"9670","2075","US00010","154 Bleecker","2026-05-11","区经检查","Jung Han Liang","Process Control","Storage/Maintenance of Utensils","3501","Mix match items ","G","-2","0"
"9665","2075","US00010","154 Bleecker","2026-05-11","区经检查","Jung Han Liang","Cleaning and Sanitation","Operation Stand, Shelf, Cabinet and Water Sink","3526","Stain ","L","-1","0"
"9279","2074","US00010","154 Bleecker","2026-05-12","门店自检","Alexander G Harry","Facility","Sinks and Pipes","3447","Air gap/angle leads to flooding when draining pipes","S","-5","0"
"9280","2074","US00010","154 Bleecker","2026-05-12","门店自检","Alexander G Harry","Cleaning and Sanitation","Clean & Sanitize","3411","Sanitizer solution weaker than 100ppm","M","-5","0"
"9281","2074","US00010","154 Bleecker","2026-05-12","门店自检","Alexander G Harry","Workplace Safety","Workplace Safety","3466","Door not labeled not an exit","G","-2","0"
"9282","2074","US00010","154 Bleecker","2026-05-12","门店自检","Alexander G Harry","Process Control","Storage/Maintenance of Utensils","3393","Standing water i  clean spoon container","G","-2","0"
"9284","2074","US00010","154 Bleecker","2026-05-12","门店自检","Alexander G Harry","Cleaning and Sanitation","Waste Management","3429","Trash not seperated into 3 units","G","-2","0"
"9283","2074","US00010","154 Bleecker","2026-05-12","门店自检","Alexander G Harry","Cleaning and Sanitation","Operation Stand, Shelf, Cabinet and Water Sink","3418","Standing water in clean spoon container","L","-1","0"
"9479","2126","US00010","154 Bleecker","2026-05-26","QA审计","Eamonn Caballar","Facility","Sinks and Pipes","3339","Piping not to regulations. (Black Pipe from dish washer goes directly into the drain. (Touching)","S","-5","1"
"9477","2126","US00010","154 Bleecker","2026-05-26","QA审计","Eamonn Caballar","Cleaning and Sanitation","Equipment and utensils","3307","Dust sighted on tops of fridges. ","G","-2","0"
"9478","2126","US00010","154 Bleecker","2026-05-26","QA审计","Eamonn Caballar","Cleaning and Sanitation","Clean & Sanitize","3306","Tasks out of 15 min grace period. ","G","-2","0"
"9480","2126","US00010","154 Bleecker","2026-05-26","QA审计","Eamonn Caballar","Cleaning and Sanitation","Equipment and utensils","3309","Food residue found on Warming station utensil. ","G","-2","0"
"9481","2126","US00010","154 Bleecker","2026-05-26","QA审计","Eamonn Caballar","Cleaning and Sanitation","Equipment and utensils","3308","Dust on top of ice machine. 

Milk found on pitcher lid. 

Matcha residue in blender.","G","-2","0"
"9556","2137","US00010","154 Bleecker","2026-05-30","门店自检","Alexander G Harry","Facility","Sinks and Pipes","3447","Air gap too short leading to flooding","S","-5","0"
"9557","2137","US00010","154 Bleecker","2026-05-30","门店自检","Alexander G Harry","Process Control","Storage/Maintenance of Utensils","3393","Standing water in spoon holder","G","-2","0"
"9558","2137","US00010","154 Bleecker","2026-05-30","门店自检","Alexander G Harry","Cleaning and Sanitation","Waste Management","3429","Not in 3 seperate areas.","G","-2","0"
"9653","2068","US00012","16th & 6th","2026-05-11","区经检查","Jung Han Liang","Employees’ Health and Personal Hygiene","Handwashing Standards","3494","No hand towel ","S","-5","0"
"9655","2068","US00012","16th & 6th","2026-05-11","区经检查","Jung Han Liang","Temperature Control / Expiration Date Management.","Expiration Date","3544","Missing label ","M","-5","0"
"9652","2068","US00012","16th & 6th","2026-05-11","区经检查","Jung Han Liang","Cleaning and Sanitation","Equipment and utensils","3524","(无描述)","G","-2","0"
"9656","2068","US00012","16th & 6th","2026-05-11","区经检查","Jung Han Liang","Cleaning and Sanitation","Equipment and utensils","3525","Stain on blender ","G","-2","0"
"9654","2068","US00012","16th & 6th","2026-05-11","区经检查","Jung Han Liang","Cleaning and Sanitation","Operation Stand, Shelf, Cabinet and Water Sink","3526","Stains on device. ","L","-1","0"
"9355","2093","US00012","16th & 6th","2026-05-15","门店自检","Joselyn Pacheco Trejo","Document Record","Licenses and certificates","3369","No trash pick up sign","M","-5","0"
"9358","2093","US00012","16th & 6th","2026-05-15","门店自检","Joselyn Pacheco Trejo","Cleaning and Sanitation","Equipment and utensils","3416","(无描述)","G","-2","0"
"9359","2093","US00012","16th & 6th","2026-05-15","门店自检","Joselyn Pacheco Trejo","Cleaning and Sanitation","Equipment and utensils","3415","(无描述)","G","-2","0"
"9363","2093","US00012","16th & 6th","2026-05-15","门店自检","Joselyn Pacheco Trejo","Pests Control","No Sign of Insect Pests","3452","8 flies","G","-2","0"
"9364","2093","US00012","16th & 6th","2026-05-15","门店自检","Joselyn Pacheco Trejo","Maintenance of Equipment","well-maintained","3439","Frost","G","-2","0"
"9365","2093","US00012","16th & 6th","2026-05-15","门店自检","Joselyn Pacheco Trejo","Facility","Grease traps","3448","Dirty","G","-2","0"
"9366","2093","US00012","16th & 6th","2026-05-15","门店自检","Joselyn Pacheco Trejo","Facility","Sinks and Pipes","3446","Dirty pipes","G","-2","0"
"9357","2093","US00012","16th & 6th","2026-05-15","门店自检","Joselyn Pacheco Trejo","Cleaning and Sanitation","Waste Management","3428","Dust","L","-1","0"
"9360","2093","US00012","16th & 6th","2026-05-15","门店自检","Joselyn Pacheco Trejo","Cleaning and Sanitation","Customer Area","3424","Dust","L","-1","0"
"9361","2093","US00012","16th & 6th","2026-05-15","门店自检","Joselyn Pacheco Trejo","Cleaning and Sanitation","Customer Area","3423","Dust ","L","-1","0"
"9362","2093","US00012","16th & 6th","2026-05-15","门店自检","Joselyn Pacheco Trejo","Cleaning and Sanitation","Operation Stand, Shelf, Cabinet and Water Sink","3418","Milk and rust","L","-1","0"
"9368","2093","US00012","16th & 6th","2026-05-15","门店自检","Joselyn Pacheco Trejo","Cleaning and Sanitation","Food Processing Area","3421","Dusty lights","L","-1","0"
"9432","2112","US00012","16th & 6th","2026-05-21","QA审计","Eamonn Caballar","Cleaning and Sanitation","Equipment and utensils","3307","Dust sighted on fridges. ","G","-2","0"
"9433","2112","US00012","16th & 6th","2026-05-21","QA审计","Eamonn Caballar","Cleaning and Sanitation","Equipment and utensils","3308","Sanitizer residue on Ice machine ","G","-2","0"
"9435","2112","US00012","16th & 6th","2026-05-21","QA审计","Eamonn Caballar","Workplace Safety","Workplace Safety","3360","Missing checks for front of house extinguisher.","G","-2","0"
"9434","2112","US00012","16th & 6th","2026-05-21","QA审计","Eamonn Caballar","Cleaning and Sanitation","Operation Stand, Shelf, Cabinet and Water Sink","3310","Coffee grounds underneath left espresso machine ","L","-1","0"
"9510","2130","US00012","16th & 6th","2026-05-27","门店自检","Joselyn Pacheco Trejo","Cleaning and Sanitation","Equipment and utensils","3415","Milk residue ","G","-2","0"
"9509","2130","US00012","16th & 6th","2026-05-27","门店自检","Joselyn Pacheco Trejo","Cleaning and Sanitation","Customer Area","3426","Cigarette butt present","L","-1","0"
"9511","2130","US00012","16th & 6th","2026-05-27","门店自检","Joselyn Pacheco Trejo","Cleaning and Sanitation","Operation Stand, Shelf, Cabinet and Water Sink","3418","Residue left behind ","L","-1","0"
"9186","2053","US00015","41st & Lexington","2026-05-01","门店自检","Afsana Gu","Cleaning and Sanitation","Equipment and utensils","3092","(无描述)","G","-2","0"
"9187","2053","US00015","41st & Lexington","2026-05-01","门店自检","Afsana Gu","Cleaning and Sanitation","Equipment and utensils","3091","(无描述)","G","-2","0"
"9188","2053","US00015","41st & Lexington","2026-05-01","门店自检","Afsana Gu","Maintenance of Equipment","well-maintained","3115","(无描述)","G","-2","0"
"9189","2053","US00015","41st & Lexington","2026-05-01","门店自检","Afsana Gu","Pests Control","Prevent pests from outside","3134","(无描述)","G","-2","0"
"9190","2053","US00015","41st & Lexington","2026-05-01","门店自检","Afsana Gu","Cleaning and Sanitation","Food Processing Area","3096","(无描述)","L","-1","0"
"9191","2053","US00015","41st & Lexington","2026-05-01","门店自检","Afsana Gu","Cleaning and Sanitation","Food Processing Area","3095","(无描述)","L","-1","0"
"9285","2082","US00015","41st & Lexington","2026-05-13","门店自检","Afsana Gu","Workplace Safety","Workplace Safety","3467","Less than 3ft space ","G","-2","0"
"9286","2082","US00015","41st & Lexington","2026-05-13","门店自检","Afsana Gu","Workplace Safety","Workplace Safety","3466","Restroom not labeled","G","-2","0"
"9287","2082","US00015","41st & Lexington","2026-05-13","门店自检","Afsana Gu","Maintenance of Equipment","well-maintained","3439","Juice machine very dusty","G","-2","0"
"9288","2082","US00015","41st & Lexington","2026-05-13","门店自检","Afsana Gu","Cleaning and Sanitation","Food Processing Area","3419","Standing water in pitcher rinset","L","-1","0"
"9370","2094","US00015","41st & Lexington","2026-05-16","门店自检","Carina Medrano","Employees’ Health and Personal Hygiene","Handwashing Standards","3386","both sinks no hot water","S","-5","0"
"9379","2094","US00015","41st & Lexington","2026-05-16","门店自检","Carina Medrano","Cleaning and Sanitation","Clean & Sanitize","3411","none of buckets at standard","M","-5","0"
"9371","2094","US00015","41st & Lexington","2026-05-16","门店自检","Carina Medrano","Process Control","Material Storage Location Specification","3391","standing water in dirty bar spoons","G","-2","0"
"9372","2094","US00015","41st & Lexington","2026-05-16","门店自检","Carina Medrano","Cleaning and Sanitation","Equipment and utensils","3417","- cold brew stains on handle of pitcher 
- matcha stains on blenders
- matcha on measuring cup
- matcha on pumps","G","-2","0"
"9373","2094","US00015","41st & Lexington","2026-05-16","门店自检","Carina Medrano","Cleaning and Sanitation","Equipment and utensils","3415","- premix stains inside juice fridge
- sani stain inside oven fridge","G","-2","0"
"9378","2094","US00015","41st & Lexington","2026-05-16","门店自检","Carina Medrano","Cleaning and Sanitation","Equipment and utensils","3416","- dust on top oven, drip, juice machine
- milk machine stains on surface
- syrup machine syrup buildup inside and out","G","-2","0"
"9381","2094","US00015","41st & Lexington","2026-05-16","门店自检","Carina Medrano","Workplace Safety","Workplace Safety","3470","missing rubber corner piece","G","-2","0"
"9382","2094","US00015","41st & Lexington","2026-05-16","门店自检","Carina Medrano","Workplace Safety","Workplace Safety","3468","fire extinguisher not signed","G","-2","0"
"9374","2094","US00015","41st & Lexington","2026-05-16","门店自检","Carina Medrano","Cleaning and Sanitation","Food Processing Area","3422","- BoH AC leaking when on","L","-1","0"
"9375","2094","US00015","41st & Lexington","2026-05-16","门店自检","Carina Medrano","Cleaning and Sanitation","Food Processing Area","3419","- BoH floors stained and dirty","L","-1","0"
"9376","2094","US00015","41st & Lexington","2026-05-16","门店自检","Carina Medrano","Cleaning and Sanitation","Food Processing Area","3421","- matcha on the ceiling","L","-1","0"
"9377","2094","US00015","41st & Lexington","2026-05-16","门店自检","Carina Medrano","Cleaning and Sanitation","Food Processing Area","3420","- BoH sink wall matcha and choco stains","L","-1","0"
"9380","2094","US00015","41st & Lexington","2026-05-16","门店自检","Carina Medrano","Cleaning and Sanitation","Operation Stand, Shelf, Cabinet and Water Sink","3418","stains all over bar counter","L","-1","0"
"9635","2101","US00015","41st & Lexington","2026-05-19","区经检查","Jung Han Liang","Workplace Safety","Workplace Safety","3576","No monthly check record ","G","-2","0"
"9636","2101","US00015","41st & Lexington","2026-05-19","区经检查","Jung Han Liang","Cleaning and Sanitation","Equipment and utensils","3524","Limescale on ice machine lid ","G","-2","0"
"9468","2124","US00015","41st & Lexington","2026-05-26","QA审计","Eamonn Caballar","Temperature Control / Expiration Date Management.","Expiration Date","3328","Missing expiration label on syrup.","M","-5","0"
"9465","2124","US00015","41st & Lexington","2026-05-26","QA审计","Eamonn Caballar","Cleaning and Sanitation","Equipment and utensils","3307","dust found on fridge doors. ","G","-2","0"
"9466","2124","US00015","41st & Lexington","2026-05-26","QA审计","Eamonn Caballar","Workplace Safety","Workplace Safety","3360","Maintenance log needed for all extinguishers. ","G","-2","1"
"9467","2124","US00015","41st & Lexington","2026-05-26","QA审计","Eamonn Caballar","Cleaning and Sanitation","Equipment and utensils","3308","1. Ice machine with dust on side panels. 

2. Dust ontop of Coffee grinder. ","G","-2","0"
"9469","2124","US00015","41st & Lexington","2026-05-26","QA审计","Eamonn Caballar","Facility","Good condition","3336","Floors have multiple stains that cannot be cleaned. ","G","-2","1"
"9470","2124","US00015","41st & Lexington","2026-05-26","QA审计","Eamonn Caballar","Workplace Safety","Workplace Safety","3356","Emergency exit sign currently hanging by a wire.","G","-2","1"
"9471","2124","US00015","41st & Lexington","2026-05-26","QA审计","Eamonn Caballar","Cleaning and Sanitation","Operation Stand, Shelf, Cabinet and Water Sink","3310","Shelves under espresso machines with fallen coffee grounds sighted.","L","-1","0"
"9515","2131","US00015","41st & Lexington","2026-05-28","门店自检","Afsana Gu","Cleaning and Sanitation","Equipment and utensils","3416","Tape inside drip bean hopper, juice machine dusty, cold brew stains in fridge, ice bins have small traces of rust forming blender base has matcha splatters","G","-2","0"
"9517","2131","US00015","41st & Lexington","2026-05-28","门店自检","Afsana Gu","Process Control","Material Storage Location Specification","3391","“Clean” spoon holder has water","G","-2","0"
"9518","2131","US00015","41st & Lexington","2026-05-28","门店自检","Afsana Gu","Cleaning and Sanitation","Equipment and utensils","3415","Fridge door has dust","G","-2","0"
"9516","2131","US00015","41st & Lexington","2026-05-28","门店自检","Afsana Gu","Cleaning and Sanitation","Food Processing Area","3419","Coconut milk tab on floor","L","-1","0"
"9535","2134","US00018","40th & 10th","2026-05-29","门店自检","Jian Ming Juo","Process Control","Foreign Material Control","3399","Cross contamination ","S","-5","0"
"9533","2134","US00018","40th & 10th","2026-05-29","门店自检","Jian Ming Juo","Document Record","Licenses and certificates","3369","No pets allowed sign is not posted ","M","-5","0"
"9534","2134","US00018","40th & 10th","2026-05-29","门店自检","Jian Ming Juo","Process Control","Material Storage Location Specification","3391","Standing water","G","-2","0"
"9536","2134","US00018","40th & 10th","2026-05-29","门店自检","Jian Ming Juo","Process Control","Cross-Contamination","3398","Cheese","G","-2","0"
"9542","2134","US00018","40th & 10th","2026-05-29","门店自检","Jian Ming Juo","Cleaning and Sanitation","Equipment and utensils","3415","Fridge not clean (milk residue)","G","-2","0"
"9543","2134","US00018","40th & 10th","2026-05-29","门店自检","Jian Ming Juo","Workplace Safety","Workplace Safety","3469","No evacuation plan","G","-2","0"
"9545","2134","US00018","40th & 10th","2026-05-29","门店自检","Jian Ming Juo","Facility","Sinks and Pipes","3446","Leak present","G","-2","0"
"9547","2134","US00018","40th & 10th","2026-05-29","门店自检","Jian Ming Juo","Pests Control","Pest control devices","3453","Pest control light not on ","G","-2","0"
"9544","2134","US00018","40th & 10th","2026-05-29","门店自检","Jian Ming Juo","Cleaning and Sanitation","Customer Area","3424","Debris in customer area","L","-1","0"
"9546","2134","US00018","40th & 10th","2026-05-29","门店自检","Jian Ming Juo","Cleaning and Sanitation","Food Processing Area","3420","Stain on wall","L","-1","0"
"9548","2134","US00018","40th & 10th","2026-05-29","门店自检","Jian Ming Juo","Cleaning and Sanitation","Food Processing Area","3419","Debris in drain","L","-1","0"
"9578","2140","US00018","40th & 10th","2026-05-31","区经检查","Jung Han Liang","Employees’ Health and Personal Hygiene","Personal Hygiene","3484","One of Employee has long nail, mentioned whom to Store Manager  ","G","-2","0"
"9580","2140","US00018","40th & 10th","2026-05-31","区经检查","Jung Han Liang","Cleaning and Sanitation","Equipment and utensils","3524","Water stain on the lid of machine ","G","-2","0"
"9581","2140","US00018","40th & 10th","2026-05-31","区经检查","Jung Han Liang","Cleaning and Sanitation","Equipment and utensils","3525","Matcha stain on the blenders ","G","-2","0"
"9577","2140","US00018","40th & 10th","2026-05-31","区经检查","Jung Han Liang","Cleaning and Sanitation","Operation Stand, Shelf, Cabinet and Water Sink","3526","Stain on dishwasher ","L","-1","0"
"9579","2140","US00018","40th & 10th","2026-05-31","区经检查","Jung Han Liang","Cleaning and Sanitation","Customer Area","3533","Trash in the customer area ","L","-1","0"
"9217","2062","US00019","29th & 3rd","2026-05-08","门店自检","Darwin Coronel","Employees’ Health and Personal Hygiene","Handwashing Standards","3386","No paper towel","S","-5","0"
"9216","2062","US00019","29th & 3rd","2026-05-08","门店自检","Darwin Coronel","Document Record","Licenses and certificates","3369","No refund policy posted and no display case allergies sign","M","-5","0"
"9218","2062","US00019","29th & 3rd","2026-05-08","门店自检","Darwin Coronel","Process Control","Material Storage Location Specification","3391","Bottom of BOH fridge is stained","G","-2","0"
"9219","2062","US00019","29th & 3rd","2026-05-08","门店自检","Darwin Coronel","Cleaning and Sanitation","Equipment and utensils","3417","Standing water ","G","-2","0"
"9220","2062","US00019","29th & 3rd","2026-05-08","门店自检","Darwin Coronel","Cleaning and Sanitation","Equipment and utensils","3416","(无描述)","G","-2","0"
"9223","2062","US00019","29th & 3rd","2026-05-08","门店自检","Darwin Coronel","Workplace Safety","Workplace Safety","3466","Needs not an exit sign ","G","-2","0"
"9224","2062","US00019","29th & 3rd","2026-05-08","门店自检","Darwin Coronel","Workplace Safety","Workplace Safety","3469","Not posted","G","-2","0"
"9221","2062","US00019","29th & 3rd","2026-05-08","门店自检","Darwin Coronel","Cleaning and Sanitation","Operation Stand, Shelf, Cabinet and Water Sink","3418","(无描述)","L","-1","0"
"9222","2062","US00019","29th & 3rd","2026-05-08","门店自检","Darwin Coronel","Cleaning and Sanitation","Customer Area","3425","(无描述)","L","-1","0"
"9336","2088","US00019","29th & 3rd","2026-05-15","门店自检","Darwin Coronel","Document Record","Licenses and certificates","3369","No trash pick up schedule pisted","M","-5","0"
"9335","2088","US00019","29th & 3rd","2026-05-15","门店自检","Darwin Coronel","Cleaning and Sanitation","Equipment and utensils","3415","Dirty ","G","-2","0"
"9340","2088","US00019","29th & 3rd","2026-05-15","门店自检","Darwin Coronel","Workplace Safety","Workplace Safety","3466","Needs not an exit sign ","G","-2","0"
"9339","2088","US00019","29th & 3rd","2026-05-15","门店自检","Darwin Coronel","Cleaning and Sanitation","Operation Stand, Shelf, Cabinet and Water Sink","3418","(无描述)","L","-1","0"
"9396","2098","US00019","29th & 3rd","2026-05-18","门店自检","Darwin Coronel","Document Record","Licenses and certificates","3369","No trash pick schedule ","M","-5","0"
"9399","2098","US00019","29th & 3rd","2026-05-18","门店自检","Darwin Coronel","Cleaning and Sanitation","Equipment and utensils","3415","(无描述)","G","-2","0"
"9400","2098","US00019","29th & 3rd","2026-05-18","门店自检","Darwin Coronel","Workplace Safety","Workplace Safety","3466","Needs not an exit sign ","G","-2","0"
"9607","2108","US00019","29th & 3rd","2026-05-20","区经检查","Jung Han Liang","Employees’ Health and Personal Hygiene","Handwashing Standards","3494","No hand towel ","S","-5","0"
"9604","2108","US00019","29th & 3rd","2026-05-20","区经检查","Jung Han Liang","Maintenance of Equipment","well-maintained","3548","Please put a put of service tag","G","-2","0"
"9606","2108","US00019","29th & 3rd","2026-05-20","区经检查","Jung Han Liang","Cleaning and Sanitation","Equipment and utensils","3524","Residual of santi","G","-2","0"
"9605","2108","US00019","29th & 3rd","2026-05-20","区经检查","Jung Han Liang","Cleaning and Sanitation","Operation Stand, Shelf, Cabinet and Water Sink","3526","Please clean as you go ","L","-1","0"
"9442","2109","US00019","29th & 3rd","2026-05-21","门店自检","Darwin Coronel","Document Record","Licenses and certificates","3369","No trash pick up sign ","M","-5","0"
"9444","2109","US00019","29th & 3rd","2026-05-21","门店自检","Darwin Coronel","Cleaning and Sanitation","Clean & Sanitize","3409","Sink doesn’t fit our largest item 
Completely ","M","-5","0"
"9443","2109","US00019","29th & 3rd","2026-05-21","门店自检","Darwin Coronel","Workplace Safety","Workplace Safety","3466","Non Exit door label ","G","-2","0"
"9476","2125","US00019","29th & 3rd","2026-05-26","QA审计","Eamonn Caballar","Facility","Sinks and Pipes","3339","Pipes not properly wrapped. ","S","-5","1"
"9472","2125","US00019","29th & 3rd","2026-05-26","QA审计","Eamonn Caballar","Cleaning and Sanitation","Equipment and utensils","3307","Dust found on multiple fridges ","G","-2","0"
"9473","2125","US00019","29th & 3rd","2026-05-26","QA审计","Eamonn Caballar","Process Control","Cross-Contamination","3289","Light food stored in wet container causing soggy material. ","G","-2","0"
"9475","2125","US00019","29th & 3rd","2026-05-26","QA审计","Eamonn Caballar","Cleaning and Sanitation","Equipment and utensils","3308","Sanitizer stains on ice machine. 

Matcha residue  on top of drip
machine. ","G","-2","0"
"9474","2125","US00019","29th & 3rd","2026-05-26","QA审计","Eamonn Caballar","Cleaning and Sanitation","Operation Stand, Shelf, Cabinet and Water Sink","3310","Standing water sighted on ice machine.","L","-1","0"
"9293","2083","US00020","21st & 3rd","2026-05-14","门店自检","Javier Cruz","Approved Supplier","Approved Goods","3388","Shower caps now covered","M","-5","0"
"9294","2083","US00020","21st & 3rd","2026-05-14","门店自检","Javier Cruz","Employees’ Health and Personal Hygiene","Personal Hygiene","3375","Jewelery on partner","M","-5","0"
"9296","2083","US00020","21st & 3rd","2026-05-14","门店自检","Javier Cruz","Cleaning and Sanitation","Clean & Sanitize","3409","Blender had matcha residue ","M","-5","0"
"9289","2083","US00020","21st & 3rd","2026-05-14","门店自检","Javier Cruz","Cleaning and Sanitation","Equipment and utensils","3415","Refrigerators need wipe down Inside ","G","-2","0"
"9290","2083","US00020","21st & 3rd","2026-05-14","门店自检","Javier Cruz","Cleaning and Sanitation","Clean & Sanitize","3414","Partners didn’t follow screen when it went off","G","-2","0"
"9292","2083","US00020","21st & 3rd","2026-05-14","门店自检","Javier Cruz","Approved Supplier","Approved Goods","3389","Scissors has milk on it","G","-2","0"
"9295","2083","US00020","21st & 3rd","2026-05-14","门店自检","Javier Cruz","Process Control","Cross-Contamination","3396","Had water in container","G","-2","0"
"9297","2083","US00020","21st & 3rd","2026-05-14","门店自检","Javier Cruz","Process Control","Material Storage Location Specification","3391","Box of plushies on floor","G","-2","0"
"9291","2083","US00020","21st & 3rd","2026-05-14","门店自检","Javier Cruz","Cleaning and Sanitation","Customer Area","3425","Crumbs on ledge of windows","L","-1","0"
"9608","2107","US00020","21st & 3rd","2026-05-20","区经检查","Jung Han Liang","Document Record","Licenses and certificates","3477","Missing updated protective hours ","M","-5","0"
"9611","2107","US00020","21st & 3rd","2026-05-20","区经检查","Jung Han Liang","Cleaning and Sanitation","Equipment and utensils","3524","Ice trolley not clean with stain ","G","-2","0"
"9612","2107","US00020","21st & 3rd","2026-05-20","区经检查","Jung Han Liang","Facility","Grease traps","3556","Weekly cleaning isn’t enough ","G","-2","0"
"9609","2107","US00020","21st & 3rd","2026-05-20","区经检查","Jung Han Liang","Cleaning and Sanitation","Food Processing Area","3527","Trash on the floor ","L","-1","0"
"9610","2107","US00020","21st & 3rd","2026-05-20","区经检查","Jung Han Liang","Cleaning and Sanitation","Operation Stand, Shelf, Cabinet and Water Sink","3526","Stain on the counter ","L","-1","0"
"9426","2111","US00020","21st & 3rd","2026-05-21","QA审计","Eamonn Caballar","Cleaning and Sanitation","Equipment and utensils","3307","Dust on top of fridge doors. ","G","-2","0"
"9427","2111","US00020","21st & 3rd","2026-05-21","QA审计","Eamonn Caballar","Cleaning and Sanitation","Equipment and utensils","3309","Food residue found on warming station tools.","G","-2","0"
"9428","2111","US00020","21st & 3rd","2026-05-21","QA审计","Eamonn Caballar","Process Control","Cross-Contamination","3287","Multiple pitchers found exposed in storage. ","G","-2","0"
"9429","2111","US00020","21st & 3rd","2026-05-21","QA审计","Eamonn Caballar","Cleaning and Sanitation","Equipment and utensils","3308","Dried matcha stains on blender padding. ","G","-2","0"
"9430","2111","US00020","21st & 3rd","2026-05-21","QA审计","Eamonn Caballar","Cleaning and Sanitation","Clean & Sanitize","3306","Tasks beyond 15 min grace period. (Store was not busy at moment of inspection.) ","G","-2","0"
"9431","2111","US00020","21st & 3rd","2026-05-21","QA审计","Eamonn Caballar","Cleaning and Sanitation","Operation Stand, Shelf, Cabinet and Water Sink","3310","Coffee grounds loose underneath espresso machines. ","L","-1","0"
"9490","2129","US00020","21st & 3rd","2026-05-27","门店自检","Javier Cruz","Employees’ Health and Personal Hygiene","Handwashing Standards","3385","Hourly task not done ","M","-5","0"
"9491","2129","US00020","21st & 3rd","2026-05-27","门店自检","Javier Cruz","Process Control","Material Storage Location Specification","3392","Unlocked n2o canister lock box ","G","-2","0"
"9493","2129","US00020","21st & 3rd","2026-05-27","门店自检","Javier Cruz","Process Control","Material Storage Location Specification","3391","Box on floor","G","-2","0"
"9497","2129","US00020","21st & 3rd","2026-05-27","门店自检","Javier Cruz","Facility","Grease traps","3448","Needs to be cleaned","G","-2","0"
"9498","2129","US00020","21st & 3rd","2026-05-27","门店自检","Javier Cruz","Process Control","Standard procedures","3402","Daily task wasn’t done","G","-2","0"
"9499","2129","US00020","21st & 3rd","2026-05-27","门店自检","Javier Cruz","Workplace Safety","Workplace Safety","3468","Needs to be inspected by manager","G","-2","0"
"9492","2129","US00020","21st & 3rd","2026-05-27","门店自检","Javier Cruz","Cleaning and Sanitation","Food Processing Area","3420","Windows need to be cleaned","L","-1","0"
"9494","2129","US00020","21st & 3rd","2026-05-27","门店自检","Javier Cruz","Cleaning and Sanitation","Waste Management","3428","Spilled coffee in big garbage cans","L","-1","0"
"9495","2129","US00020","21st & 3rd","2026-05-27","门店自检","Javier Cruz","Cleaning and Sanitation","Restroom","3427","Need toilet seat covers","L","-1","0"
"9496","2129","US00020","21st & 3rd","2026-05-27","门店自检","Javier Cruz","Cleaning and Sanitation","Customer Area","3426","Garbage by outside entrance","L","-1","0"
"9500","2129","US00020","21st & 3rd","2026-05-27","门店自检","Javier Cruz","Cleaning and Sanitation","Food Processing Area","3421","Lights need minor dusting ","L","-1","0"
"9501","2129","US00020","21st & 3rd","2026-05-27","门店自检","Javier Cruz","Cleaning and Sanitation","Food Processing Area","3419","Standing water","L","-1","0"
"9502","2129","US00020","21st & 3rd","2026-05-27","门店自检","Javier Cruz","Cleaning and Sanitation","Operation Stand, Shelf, Cabinet and Water Sink","3418","Standing water","L","-1","0"
"9513","2128","US00022","23rd & 8th","2026-05-27","门店自检","Andrew Chen","Workplace Safety","Workplace Safety","3469","Don't have one","G","-2","0"
"9514","2128","US00022","23rd & 8th","2026-05-27","门店自检","Andrew Chen","Cleaning and Sanitation","Waste Management","3429","don't have 3 categories","G","-2","0"
"9512","2128","US00022","23rd & 8th","2026-05-27","门店自检","Andrew Chen","Cleaning and Sanitation","Restroom","3427","no handwash sign in restroom","L","-1","0"
"9614","2142","US00022","23rd & 8th","2026-05-31","区经检查","Jung Han Liang","Document Record","Licenses and certificates","3477","Need a handwashing sign ","M","-5","1"
"9613","2142","US00022","23rd & 8th","2026-05-31","区经检查","Jung Han Liang","Cleaning and Sanitation","Equipment and utensils","3524","(无描述)","G","-2","1"
"9615","2142","US00022","23rd & 8th","2026-05-31","区经检查","Jung Han Liang","Cleaning and Sanitation","Customer Area","3531","Stain from the wall","L","-1","0"
"9616","2142","US00022","23rd & 8th","2026-05-31","区经检查","Jung Han Liang","Cleaning and Sanitation","Food Processing Area","3527","Matcha stain ","L","-1","0"
"9598","2073","US00024","15th & 3rd","2026-05-11","区经检查","Jung Han Liang","Pests Control","No Sign of Insect Pests","3559","Pest issue less than 5","M","-5","0"
"9595","2073","US00024","15th & 3rd","2026-05-11","区经检查","Jung Han Liang","Facility","Sinks and Pipes","3553","Pipe of dishwasher is in the drains ","G","-2","0"
"9597","2073","US00024","15th & 3rd","2026-05-11","区经检查","Jung Han Liang","Cleaning and Sanitation","Equipment and utensils","3523","Stain on fridge ","G","-2","0"
"9599","2073","US00024","15th & 3rd","2026-05-11","区经检查","Jung Han Liang","Pests Control","Pest control devices","3562","Too many flies, need to replace ","G","-2","0"
"9600","2073","US00024","15th & 3rd","2026-05-11","区经检查","Jung Han Liang","Cleaning and Sanitation","Equipment and utensils","3524","Please keep machine free from stains ","G","-2","0"
"9602","2073","US00024","15th & 3rd","2026-05-11","区经检查","Jung Han Liang","Cleaning and Sanitation","Equipment and utensils","3525","Ice trolley lid stain ","G","-2","0"
"9603","2073","US00024","15th & 3rd","2026-05-11","区经检查","Jung Han Liang","Maintenance of Equipment","well-maintained","3548","Requires a out of service tag ","G","-2","0"
"9596","2073","US00024","15th & 3rd","2026-05-11","区经检查","Jung Han Liang","Cleaning and Sanitation","Operation Stand, Shelf, Cabinet and Water Sink","3526","Lots of stain on dishwasher 
","L","-1","0"
"9601","2073","US00024","15th & 3rd","2026-05-11","区经检查","Jung Han Liang","Cleaning and Sanitation","Food Processing Area","3529","Storage has stain ","L","-1","0"
"9331","2086","US00024","15th & 3rd","2026-05-15","门店自检","Vita Magnier","Facility","Sinks and Pipes","3447","(无描述)","S","-5","0"
"9315","2086","US00024","15th & 3rd","2026-05-15","门店自检","Vita Magnier","Temperature Control / Expiration Date Management.","Expiration Date","3436","No label","M","-5","0"
"9313","2086","US00024","15th & 3rd","2026-05-15","门店自检","Vita Magnier","Employees’ Health and Personal Hygiene","Personal Hygiene","3380","(无描述)","G","-2","0"
"9314","2086","US00024","15th & 3rd","2026-05-15","门店自检","Vita Magnier","Cleaning and Sanitation","Equipment and utensils","3416","(无描述)","G","-2","0"
"9316","2086","US00024","15th & 3rd","2026-05-15","门店自检","Vita Magnier","Cleaning and Sanitation","Food Processing Area","3420","(无描述)","L","-1","0"
"9317","2086","US00024","15th & 3rd","2026-05-15","门店自检","Vita Magnier","Cleaning and Sanitation","Food Processing Area","3419","(无描述)","L","-1","0"
"9318","2086","US00024","15th & 3rd","2026-05-15","门店自检","Vita Magnier","Cleaning and Sanitation","Operation Stand, Shelf, Cabinet and Water Sink","3418","(无描述)","L","-1","0"
"9424","2110","US00024","15th & 3rd","2026-05-21","QA审计","Eamonn Caballar","Cleaning and Sanitation","Clean & Sanitize","3303","Sanitizer buckets below required levels. ","M","-5","0"
"9420","2110","US00024","15th & 3rd","2026-05-21","QA审计","Eamonn Caballar","Cleaning and Sanitation","Equipment and utensils","3307","Dust found on tops of fridges.

Dirt / Debris found between gaskets.","G","-2","0"
"9421","2110","US00024","15th & 3rd","2026-05-21","QA审计","Eamonn Caballar","Cleaning and Sanitation","Clean & Sanitize","3304","Cloud powder holder showing signs of moisture when product was loaded. (Clumping) ","G","-2","0"
"9422","2110","US00024","15th & 3rd","2026-05-21","QA审计","Eamonn Caballar","Cleaning and Sanitation","Equipment and utensils","3309","Food residue left in warming station tool holder. 

Matcha / Excess whip cream found on dispensers. 
","G","-2","0"
"9423","2110","US00024","15th & 3rd","2026-05-21","QA审计","Eamonn Caballar","Cleaning and Sanitation","Equipment and utensils","3308","Sanitizer residue found in ice machine. 

Dust found on tops of drip machine .

Matcha powder and coffee beans underneath machine. ","G","-2","0"
"9425","2110","US00024","15th & 3rd","2026-05-21","QA审计","Eamonn Caballar","Cleaning and Sanitation","Restroom","3319","Improper storage of cleaning tools. ","L","-1","0"
"9569","2139","US00024","15th & 3rd","2026-05-31","门店自检","Clara Mae Venturina","Cleaning and Sanitation","Equipment and utensils","3416","(无描述)","G","-2","0"
"9570","2139","US00024","15th & 3rd","2026-05-31","门店自检","Clara Mae Venturina","Cleaning and Sanitation","Equipment and utensils","3415","(无描述)","G","-2","0"
"9571","2139","US00024","15th & 3rd","2026-05-31","门店自检","Clara Mae Venturina","Facility","Grease traps","3448","Grease trap smelling even when cleaned","G","-2","0"
"9572","2139","US00024","15th & 3rd","2026-05-31","门店自检","Clara Mae Venturina","Employees’ Health and Personal Hygiene","Personal Hygiene","3377","(无描述)","G","-2","0"
"9573","2139","US00024","15th & 3rd","2026-05-31","门店自检","Clara Mae Venturina","Facility","Good condition","3443","Sink loose","G","-2","0"
"9574","2139","US00024","15th & 3rd","2026-05-31","门店自检","Clara Mae Venturina","Process Control","Storage/Maintenance of Utensils","3393","(无描述)","G","-2","0"
"9575","2139","US00024","15th & 3rd","2026-05-31","门店自检","Clara Mae Venturina","Cleaning and Sanitation","Food Processing Area","3419","(无描述)","L","-1","0"
"9576","2139","US00024","15th & 3rd","2026-05-31","门店自检","Clara Mae Venturina","Cleaning and Sanitation","Operation Stand, Shelf, Cabinet and Water Sink","3418","(无描述)","L","-1","0"
"9192","2054","US00025","221 Grand","2026-05-02","区经检查","Daniel Chu","Facility","Good condition","3227","Rinsing sink is loose ","G","-2","0"
"9193","2054","US00025","221 Grand","2026-05-02","区经检查","Daniel Chu","Cleaning and Sanitation","Equipment and utensils","3199","A lot of dust on fridge ","G","-2","0"
"9194","2054","US00025","221 Grand","2026-05-02","区经检查","Daniel Chu","Process Control","Standard procedures","3185","Milk cap on floor for over 10min ","G","-2","0"
"9645","2076","US00025","221 Grand","2026-05-11","区经检查","Jung Han Liang","Cleaning and Sanitation","Equipment and utensils","3524","Whipping cream on the blender ","G","-2","0"
"9647","2076","US00025","221 Grand","2026-05-11","区经检查","Jung Han Liang","Facility","Sinks and Pipes","3553","No air gap ","G","-2","0"
"9649","2076","US00025","221 Grand","2026-05-11","区经检查","Jung Han Liang","Cleaning and Sanitation","Equipment and utensils","3523","(无描述)","G","-2","0"
"9651","2076","US00025","221 Grand","2026-05-11","区经检查","Jung Han Liang","Process Control","Material Storage Location Specification","3500","Didn’t lock ","G","-2","0"
"9644","2076","US00025","221 Grand","2026-05-11","区经检查","Jung Han Liang","Cleaning and Sanitation","Food Processing Area","3527","Trash on floor and too dirty ","L","-1","0"
"9646","2076","US00025","221 Grand","2026-05-11","区经检查","Jung Han Liang","Cleaning and Sanitation","Customer Area","3531","Customer area with trashes ","L","-1","0"
"9648","2076","US00025","221 Grand","2026-05-11","区经检查","Jung Han Liang","Cleaning and Sanitation","Operation Stand, Shelf, Cabinet and Water Sink","3526","Limescale on dishwasher ","L","-1","0"
"9650","2076","US00025","221 Grand","2026-05-11","区经检查","Jung Han Liang","Cleaning and Sanitation","Food Processing Area","3528","Please keep it clean without Stan ","L","-1","0"
"9319","2087","US00025","221 Grand","2026-05-15","门店自检","Jonathan Soto","Cleaning and Sanitation","Equipment and utensils","3417","scissors have chocolate powder stains","G","-2","0"
"9320","2087","US00025","221 Grand","2026-05-15","门店自检","Jonathan Soto","Cleaning and Sanitation","Equipment and utensils","3415","Matcha discovered between refrigerator. ","G","-2","0"
"9322","2087","US00025","221 Grand","2026-05-15","门店自检","Jonathan Soto","Facility","Good condition","3444","Sealing needs to be done as the sides of the sink are loose","G","-2","0"
"9324","2087","US00025","221 Grand","2026-05-15","门店自检","Jonathan Soto","Process Control","Cross-Contamination","3397","White container that holds the beans has residue.","G","-2","0"
"9325","2087","US00025","221 Grand","2026-05-15","门店自检","Jonathan Soto","Process Control","Storage/Maintenance of Utensils","3393","Standing water discovered in clean utensil bin.","G","-2","0"
"9321","2087","US00025","221 Grand","2026-05-15","门店自检","Jonathan Soto","Cleaning and Sanitation","Customer Area","3425","receipt found in customer area ","L","-1","0"
"9323","2087","US00025","221 Grand","2026-05-15","门店自检","Jonathan Soto","Cleaning and Sanitation","Food Processing Area","3421","dust in vent ","L","-1","0"
"9326","2087","US00025","221 Grand","2026-05-15","门店自检","Jonathan Soto","Cleaning and Sanitation","Operation Stand, Shelf, Cabinet and Water Sink","3418","standing water present on top of ice trolley","L","-1","0"
"9488","2127","US00025","221 Grand","2026-05-26","QA审计","Eamonn Caballar","Facility","Sinks and Pipes","3339","Airgap not within proper distance.","S","-5","1"
"9482","2127","US00025","221 Grand","2026-05-26","QA审计","Eamonn Caballar","Cleaning and Sanitation","Equipment and utensils","3308","Dust on multiple equipment.

Sanitizer residue on ice machine. ","G","-2","0"
"9483","2127","US00025","221 Grand","2026-05-26","QA审计","Eamonn Caballar","Cleaning and Sanitation","Equipment and utensils","3307","Dust found on tops of fridge doors.","G","-2","0"
"9484","2127","US00025","221 Grand","2026-05-26","QA审计","Eamonn Caballar","Cleaning and Sanitation","Clean & Sanitize","3306","Tasks out of 15 min grace period. ","G","-2","0"
"9485","2127","US00025","221 Grand","2026-05-26","QA审计","Eamonn Caballar","Process Control","Storage/Maintenance of Utensils","3285","Standing water on Ice machine","G","-2","0"
"9487","2127","US00025","221 Grand","2026-05-26","QA审计","Eamonn Caballar","Process Control","Cross-Contamination","3287","Pitcher of velvet milk exposed in storage. ","G","-2","0"
"9486","2127","US00025","221 Grand","2026-05-26","QA审计","Eamonn Caballar","Cleaning and Sanitation","Food Processing Area","3311","Fallen coffee grounds under espresso machine. ","L","-1","0"
"9549","2136","US00025","221 Grand","2026-05-29","门店自检","Jonathan Soto","Cleaning and Sanitation","Equipment and utensils","3417","Standing water, stains on ice machine surface were present. ","G","-2","0"
"9550","2136","US00025","221 Grand","2026-05-29","门店自检","Jonathan Soto","Cleaning and Sanitation","Equipment and utensils","3416","Standing water present inside the blender and matcha stains found inside a blender covering. ","G","-2","0"
"9551","2136","US00025","221 Grand","2026-05-29","门店自检","Jonathan Soto","Cleaning and Sanitation","Equipment and utensils","3415","Dust and premix stains found inside the fridge. ","G","-2","0"
"9552","2136","US00025","221 Grand","2026-05-29","门店自检","Jonathan Soto","Facility","Good condition","3444","Resealing is needed for the handwashing sink. ","G","-2","0"
"9553","2136","US00025","221 Grand","2026-05-29","门店自检","Jonathan Soto","Process Control","Storage/Maintenance of Utensils","3393","standing water present in clean container for utensils. Stains also present in the other clean utensil container. ","G","-2","0"
"9554","2136","US00025","221 Grand","2026-05-29","门店自检","Jonathan Soto","Process Control","Material Storage Location Specification","3392","Code to the box was already set. It was not scrambled. ","G","-2","0"
"9555","2136","US00025","221 Grand","2026-05-29","门店自检","Jonathan Soto","Cleaning and Sanitation","Operation Stand, Shelf, Cabinet and Water Sink","3418","Standing water present under sink. ","L","-1","0"
"9255","2069","US00027","52nd & Madison","2026-05-11","门店自检","Wenny Lin","Cleaning and Sanitation","Clean & Sanitize","3411","Sani ppm not up to standard ","M","-5","0"
"9252","2069","US00027","52nd & Madison","2026-05-11","门店自检","Wenny Lin","Employees’ Health and Personal Hygiene","Personal Hygiene","3377","Dirty apron & accessories on apron ","G","-2","0"
"9254","2069","US00027","52nd & Madison","2026-05-11","门店自检","Wenny Lin","Cleaning and Sanitation","Equipment and utensils","3415","Stains found inside the fridge. ","G","-2","0"
"9253","2069","US00027","52nd & Madison","2026-05-11","门店自检","Wenny Lin","Cleaning and Sanitation","Operation Stand, Shelf, Cabinet and Water Sink","3418","Standing water found on bar mat","L","-1","0"
"9385","2096","US00027","52nd & Madison","2026-05-18","门店自检","Wenny Lin","Employees’ Health and Personal Hygiene","Personal Hygiene","3375","Accessories on apron ","M","-5","0"
"9388","2096","US00027","52nd & Madison","2026-05-18","门店自检","Wenny Lin","Cleaning and Sanitation","Clean & Sanitize","3411","Ppm not up to standard ","M","-5","0"
"9386","2096","US00027","52nd & Madison","2026-05-18","门店自检","Wenny Lin","Cleaning and Sanitation","Equipment and utensils","3417","Coffee grounds stain found, standing water found inside utensils ","G","-2","0"
"9387","2096","US00027","52nd & Madison","2026-05-18","门店自检","Wenny Lin","Cleaning and Sanitation","Operation Stand, Shelf, Cabinet and Water Sink","3418","Multiple stains found; standing water on bar mats","L","-1","0"
"9406","2099","US00027","52nd & Madison","2026-05-19","QA审计","Eamonn Caballar","Temperature Control / Expiration Date Management.","Expiration Date","3328","Missing expiration date on syrup bottle. ","M","-5","0"
"9401","2099","US00027","52nd & Madison","2026-05-19","QA审计","Eamonn Caballar","Cleaning and Sanitation","Equipment and utensils","3307","Dust build up on fridge door hinges. ","G","-2","0"
"9402","2099","US00027","52nd & Madison","2026-05-19","QA审计","Eamonn Caballar","Process Control","Material Storage Location Specification","3283","Ice machine with standing water on ledge. ","G","-2","0"
"9403","2099","US00027","52nd & Madison","2026-05-19","QA审计","Eamonn Caballar","Cleaning and Sanitation","Clean & Sanitize","3304","Signs of moisture before loading product found on cloud powder container. (Clumping along sides.)","G","-2","0"
"9404","2099","US00027","52nd & Madison","2026-05-19","QA审计","Eamonn Caballar","Cleaning and Sanitation","Equipment and utensils","3308","Blender covered in dried matcha. ","G","-2","0"
"9405","2099","US00027","52nd & Madison","2026-05-19","QA审计","Eamonn Caballar","Cleaning and Sanitation","Equipment and utensils","3309","Significant food residue on tong holder. ","G","-2","0"
"9407","2099","US00027","52nd & Madison","2026-05-19","QA审计","Eamonn Caballar","Cleaning and Sanitation","Customer Area","3315","Signs on wall with significant dust. ","L","-1","0"
"9617","2106","US00027","52nd & Madison","2026-05-20","区经检查","Jung Han Liang","Document Record","Licenses and certificates","3477","Missing refund policy ","M","-5","0"
"9618","2106","US00027","52nd & Madison","2026-05-20","区经检查","Jung Han Liang","Workplace Safety","Workplace Safety","3576","Need service tag and monthly check ","G","-2","0"
"9619","2106","US00027","52nd & Madison","2026-05-20","区经检查","Jung Han Liang","Facility","Grease traps","3556","Please conduct everyday cleaning based on this ","G","-2","0"
"9620","2106","US00027","52nd & Madison","2026-05-20","区经检查","Jung Han Liang","Cleaning and Sanitation","Restroom","3535","Restroom cleaning log isn’t updated ","L","-1","0"
"9621","2106","US00027","52nd & Madison","2026-05-20","区经检查","Jung Han Liang","Cleaning and Sanitation","Waste Management","3536","Trash room is very stinky ","L","-1","0"
"9531","2135","US00027","52nd & Madison","2026-05-29","门店自检","Wenny Lin","Cleaning and Sanitation","Equipment and utensils","3416","Dust ","G","-2","0"
"9532","2135","US00027","52nd & Madison","2026-05-29","门店自检","Wenny Lin","Cleaning and Sanitation","Equipment and utensils","3415","(无描述)","G","-2","0"
"9538","2135","US00027","52nd & Madison","2026-05-29","门店自检","Wenny Lin","Temperature Control / Expiration Date Management.","Devices for Monitoring the Temperatures of All Refrigerators and Freezers","3431","(无描述)","G","-2","0"
"9540","2135","US00027","52nd & Madison","2026-05-29","门店自检","Wenny Lin","Temperature Control / Expiration Date Management.","Expiration Date","3438","(无描述)","G","-2","0"
"9541","2135","US00027","52nd & Madison","2026-05-29","门店自检","Wenny Lin","Temperature Control / Expiration Date Management.","Expiration Date","3437","(无描述)","G","-2","0"
"9537","2135","US00027","52nd & Madison","2026-05-29","门店自检","Wenny Lin","Cleaning and Sanitation","Customer Area","3425","(无描述)","L","-1","0"
"9539","2135","US00027","52nd & Madison","2026-05-29","门店自检","Wenny Lin","Cleaning and Sanitation","Operation Stand, Shelf, Cabinet and Water Sink","3418","(无描述)","L","-1","0"
