timestamp_utc,DatabaseConnections_Max,CPUUtilization_Avg,WriteIOPS_Avg,ReadIOPS_Avg,ReadLatency_s_Avg,FreeableMemory_bytes,NetworkRx_Bps
2026-04-25T12:30:00Z,77,7.04,50.7,1.33,0,796925952,19428
2026-04-25T12:31:00Z,75,5.86,54.0,0,0,795721728,23590
2026-04-25T12:32:00Z,59,6.26,59.1,0,0,799469568,21160
2026-04-25T12:33:00Z,60,5.43,52.9,0,0,805064704,19319
2026-04-25T12:34:00Z,61,5.49,58.6,0,0,796356608,21084
2026-04-25T12:35:00Z,58,5.82,48.3,1.33,0,798957568,17326
2026-04-25T12:36:00Z,60,5.96,46.1,0,0,797913088,17258
2026-04-25T12:37:00Z,56,6.04,56.2,0,0,795021312,20460
2026-04-25T12:38:00Z,60,5.53,54.9,0,0,795127808,19552
2026-04-25T12:39:00Z,61,5.57,52.0,0,0,793833472,18946
2026-04-25T12:40:00Z,53,5.52,37.5,1.33,0.0017,798769152,13793
2026-04-25T12:41:00Z,55,5.34,33.2,0,0,795234304,12769
2026-04-25T12:42:00Z,61,5.23,43.3,0,0,793223168,16537
2026-04-25T12:43:00Z,62,5.70,52.5,0,0,799272960,18598
2026-04-25T12:44:00Z,64,5.56,58.4,0,0,802369536,21754
2026-04-25T12:45:00Z,65,6.27,62.8,1.33,0.0008,794013696,21318
2026-04-25T12:46:00Z,62,6.31,47.7,0,0,792711168,18347
2026-04-25T12:47:00Z,70,5.76,55.2,0,0,798441472,21325
2026-04-25T12:48:00Z,54,5.93,52.3,0,0,803287040,19314
2026-04-25T12:49:00Z,63,5.17,52.7,0,0,799219712,19024
2026-04-25T12:50:00Z,57,5.92,44.6,1.33,0,794906624,17621
2026-04-25T12:51:00Z,64,5.91,56.8,0,0,800735232,20845
2026-04-25T12:52:00Z,59,5.78,60.2,0,0,806883328,22427
2026-04-25T12:53:00Z,64,6.18,60.1,0,0,801083392,22058
2026-04-25T12:54:00Z,65,5.56,59.9,0.02,0,799518720,23599
2026-04-25T12:55:00Z,62,5.98,62.7,1.33,0.0008,794800128,22575
2026-04-25T12:56:00Z,58,5.93,56.1,0,0,797855744,22537
2026-04-25T12:57:00Z,55,6.45,53.7,0,0,802123776,22448
2026-04-25T12:58:00Z,56,5.95,59.8,0,0,797515776,21988
2026-04-25T12:59:00Z,56,5.88,51.6,0,0,796442624,19359
2026-04-25T13:00:00Z,64,7.30,66.7,3.08,0.0004,796303360,23455
2026-04-25T13:01:00Z,161,18.56,843.0,0.02,0.01,793280512,1061662
2026-04-25T13:02:00Z,163,77.62,1008.8,0.03,0,798797824,1364677
2026-04-25T13:03:00Z,181,78.98,1087.9,0.10,0.0017,790478848,1344910
2026-04-25T13:04:00Z,250,74.39,1003.0,9.02,0.0009,741265408,1289371
2026-04-25T13:05:00Z,203,83.81,907.2,1.45,0.0005,745627648,1536313
2026-04-25T13:06:00Z,223,86.24,866.8,5.47,0.0012,749473792,1420987
2026-04-25T13:07:00Z,166,84.13,1115.3,0.03,0.01,757460992,1145790
2026-04-25T13:08:00Z,122,65.01,924.6,0,0,767098880,660854
2026-04-25T13:09:00Z,84,25.69,445.4,0.02,0,777490432,156572
2026-04-25T13:10:00Z,85,14.86,435.8,1.35,0.0015,775413760,156977
2026-04-25T13:11:00Z,81,14.55,427.4,0,0,766377984,156199
2026-04-25T13:12:00Z,80,14.95,436.8,0.45,0.0011,770826240,174272
2026-04-25T13:13:00Z,91,19.42,429.8,0,0,773066752,157328
2026-04-25T13:14:00Z,91,15.33,443.9,0,0,769716224,161875
2026-04-25T13:15:00Z,84,15.51,434.1,1.45,0.0007,766201856,158018
2026-04-25T13:16:00Z,91,15.18,441.3,0,0,776421376,165544
2026-04-25T13:17:00Z,88,15.68,439.5,0,0,772575232,163348
2026-04-25T13:18:00Z,85,14.02,210.9,0.02,0,773722112,87964
2026-04-25T13:19:00Z,89,9.11,148.8,0,0,777338880,67232
2026-04-25T13:20:00Z,83,8.71,146.1,1.33,0.0008,773865472,66700
2026-04-25T13:21:00Z,83,9.68,140.5,0,0,777646080,64560
2026-04-25T13:22:00Z,95,9.17,156.4,0,0,772030464,73617
2026-04-25T13:23:00Z,98,9.73,158.1,0,0,774295552,73696
2026-04-25T13:24:00Z,98,9.53,161.0,0,0,775020544,75318
2026-04-25T13:25:00Z,86,9.96,100.1,1.33,0,779825152,49248
2026-04-25T13:26:00Z,87,7.67,68.2,0.02,0,778780672,35916
2026-04-25T13:27:00Z,83,7.09,60.4,0,0,762990592,27377
2026-04-25T13:28:00Z,85,6.07,64.0,0,0,771219456,31921
2026-04-25T13:29:00Z,95,6.84,70.3,0,0,777154560,33683

# Notes:
# - DMLThroughput is Aurora-only and returned no datapoints (this is RDS MySQL).
# - DeadlockCount: not pulled (lock_deadlocks INNODB_METRICS = 0; no deadlocks during D1).
# - BinLogDiskUsage: not pulled (sync_binlog=1, log size capped at 128MB x 2 by config; no surge concern).
#
# Profile of the spike:
#   * 13:01: connections jump 64 -> 161 (+150%); WriteIOPS 67 -> 843 (+12.6x); NetworkRx 23KB/s -> 1.06 MB/s.
#   * 13:02: CPU climbs 18% -> 78%, indicating queries now CPU-bound (not IO-bound).
#   * 13:05-13:07: peak — 250 connections, 86% CPU, 1115 WriteIOPS, 1.5 MB/s NetworkRx.
#   * 13:08: instantaneous recovery: connections 122 -> 84, CPU 65% -> 26%.
#   * 13:09-13:17 (post-burst tail): WriteIOPS plateau ~440 (still 9x baseline).
#   * 13:18-13:24: WriteIOPS step down to ~150 (3x baseline).
#   * 13:25 onwards: full recovery to ~70 IOPS / 7% CPU.
#
# Read-side is essentially zero (ReadIOPS < 10, ReadLatency near zero) — buffer pool is fully resident.
# Memory: FreeableMemory dipped 800MB -> 740MB (~7% drop); recovered. No OOM/swap signal.
